url,page_type,primary_keyword,secondary_keywords
"/pickleball/us/wa/","state","pickleball courts in Washington","pickleball courts WA | where to play pickleball in Washington | Washington pickleball court directory"
"/pickleball/us/fl/","state","pickleball courts in Florida","pickleball courts FL | where to play pickleball in Florida | Florida pickleball court directory"
"/pickleball/us/nc/","state","pickleball courts in North Carolina","pickleball courts NC | where to play pickleball in North Carolina | North Carolina pickleball court directory"
"/pickleball/us/ca/","state","pickleball courts in California","pickleball courts CA | where to play pickleball in California | California pickleball court directory"
"/pickleball/us/ut/","state","pickleball courts in Utah","pickleball courts UT | where to play pickleball in Utah | Utah pickleball court directory"
"/pickleball/us/wa/king-county/","county","pickleball courts in King County, WA","King County pickleball courts | pickleball courts King County"
"/pickleball/us/wi/dane-county/","county","pickleball courts in Dane County, WI","Dane County pickleball courts | pickleball courts Dane County"
"/pickleball/us/tx/travis-county/","county","pickleball courts in Travis County, TX","Travis County pickleball courts | pickleball courts Travis County"
"/pickleball/us/ky/jefferson-county/","county","pickleball courts in Jefferson County, KY","Jefferson County pickleball courts | pickleball courts Jefferson County"
"/pickleball/us/fl/hillsborough-county/","county","pickleball courts in Hillsborough County, FL","Hillsborough County pickleball courts | pickleball courts Hillsborough County"
"/pickleball/us/nm/bernalillo-county/","county","pickleball courts in Bernalillo County, NM","Bernalillo County pickleball courts | pickleball courts Bernalillo County"
"/pickleball/us/md/montgomery-county/","county","pickleball courts in Montgomery County, MD","Montgomery County pickleball courts | pickleball courts Montgomery County"
"/pickleball/us/or/multnomah-county/","county","pickleball courts in Multnomah County, OR","Multnomah County pickleball courts | pickleball courts Multnomah County"
"/pickleball/us/nc/wake-county/","county","pickleball courts in Wake County, NC","Wake County pickleball courts | pickleball courts Wake County"
"/pickleball/us/ks/sedgwick-county/","county","pickleball courts in Sedgwick County, KS","Sedgwick County pickleball courts | pickleball courts Sedgwick County"
"/pickleball/us/ca/los-angeles-county/","county","pickleball courts in Los Angeles County, CA","Los Angeles County pickleball courts | pickleball courts Los Angeles County"
"/pickleball/us/tx/bexar-county/","county","pickleball courts in Bexar County, TX","Bexar County pickleball courts | pickleball courts Bexar County"
"/pickleball/us/nv/clark-county/","county","pickleball courts in Clark County, NV","Clark County pickleball courts | pickleball courts Clark County"
"/pickleball/us/fl/leon-county/","county","pickleball courts in Leon County, FL","Leon County pickleball courts | pickleball courts Leon County"
"/pickleball/us/ut/utah-county/","county","pickleball courts in Utah County, UT","Utah County pickleball courts | pickleball courts Utah County"
"/pickleball/us/mn/ramsey-county/","county","pickleball courts in Ramsey County, MN","Ramsey County pickleball courts | pickleball courts Ramsey County"
"/pickleball/us/wa/spokane-county/","county","pickleball courts in Spokane County, WA","Spokane County pickleball courts | pickleball courts Spokane County"
"/pickleball/us/co/boulder-county/","county","pickleball courts in Boulder County, CO","Boulder County pickleball courts | pickleball courts Boulder County"
"/pickleball/us/fl/lee-county/","county","pickleball courts in Lee County, FL","Lee County pickleball courts | pickleball courts Lee County"
"/pickleball/us/nc/mecklenburg-county/","county","pickleball courts in Mecklenburg County, NC","Mecklenburg County pickleball courts | pickleball courts Mecklenburg County"
"/pickleball/us/ca/orange-county/","county","pickleball courts in Orange County, CA","Orange County pickleball courts | pickleball courts Orange County"
"/pickleball/us/sc/charleston-county/","county","pickleball courts in Charleston County, SC","Charleston County pickleball courts | pickleball courts Charleston County"
"/pickleball/us/az/maricopa-county/","county","pickleball courts in Maricopa County, AZ","Maricopa County pickleball courts | pickleball courts Maricopa County"
"/pickleball/us/ne/lancaster-county/","county","pickleball courts in Lancaster County, NE","Lancaster County pickleball courts | pickleball courts Lancaster County"
"/pickleball/us/ut/washington-county/","county","pickleball courts in Washington County, UT","Washington County pickleball courts | pickleball courts Washington County"
"/pickleball/us/wa/clark-county/","county","pickleball courts in Clark County, WA","Clark County pickleball courts | pickleball courts Clark County"
"/pickleball/us/wa/seattle/","city","pickleball courts in Seattle, WA","pickleball courts near Seattle | where to play pickleball in Seattle, WA | Seattle pickleball court list"
"/pickleball/us/wa/seattle/outdoor/","city_filter_outdoor","outdoor pickleball courts in Seattle, WA","outdoor pickleball Seattle | Seattle outdoor pickleball courts"
"/pickleball/us/wa/seattle/lights/","city_filter_lights","pickleball courts with lights in Seattle, WA","lighted pickleball courts Seattle | night pickleball Seattle"
"/pickleball/us/wa/seattle/bitter-lake-playfield/","venue","Bitter Lake Playfield pickleball courts, Seattle","Bitter Lake Playfield pickleball courts | pickleball at Bitter Lake Playfield | Bitter Lake Playfield court hours"
"/pickleball/us/wa/seattle/delridge-playfield/","venue","Delridge Playfield pickleball courts, Seattle","Delridge Playfield pickleball courts | pickleball at Delridge Playfield | Delridge Playfield court hours"
"/pickleball/us/wa/seattle/green-lake-park-east-courts/","venue","Green Lake Park (East Courts) pickleball courts, Seattle","Green Lake Park (East Courts) pickleball courts | pickleball at Green Lake Park (East Courts) | Green Lake Park (East Courts) court hours"
"/pickleball/us/wa/seattle/alki-playground/","venue","Alki Playground pickleball courts, Seattle","Alki Playground pickleball courts | pickleball at Alki Playground | Alki Playground court hours"
"/pickleball/us/wa/seattle/beacon-hill-park/","venue","Beacon Hill Park pickleball courts, Seattle","Beacon Hill Park pickleball courts | pickleball at Beacon Hill Park | Beacon Hill Park court hours"
"/pickleball/us/wa/seattle/brighton-playfield/","venue","Brighton Playfield pickleball courts, Seattle","Brighton Playfield pickleball courts | pickleball at Brighton Playfield | Brighton Playfield court hours"
"/pickleball/us/wa/seattle/dearborn-park/","venue","Dearborn Park pickleball courts, Seattle","Dearborn Park pickleball courts | pickleball at Dearborn Park | Dearborn Park court hours"
"/pickleball/us/wa/seattle/discovery-park/","venue","Discovery Park pickleball courts, Seattle","Discovery Park pickleball courts | pickleball at Discovery Park | Discovery Park court hours"
"/pickleball/us/wa/seattle/georgetown-playfield/","venue","Georgetown Playfield pickleball courts, Seattle","Georgetown Playfield pickleball courts | pickleball at Georgetown Playfield | Georgetown Playfield court hours"
"/pickleball/us/wa/seattle/gilman-playground/","venue","Gilman Playground pickleball courts, Seattle","Gilman Playground pickleball courts | pickleball at Gilman Playground | Gilman Playground court hours"
"/pickleball/us/wa/seattle/kinnear-park/","venue","Kinnear Park pickleball courts, Seattle","Kinnear Park pickleball courts | pickleball at Kinnear Park | Kinnear Park court hours"
"/pickleball/us/wa/seattle/lakeridge-park/","venue","Lakeridge Park pickleball courts, Seattle","Lakeridge Park pickleball courts | pickleball at Lakeridge Park | Lakeridge Park court hours"
"/pickleball/us/wa/seattle/laurelhurst-playfield/","venue","Laurelhurst Playfield pickleball courts, Seattle","Laurelhurst Playfield pickleball courts | pickleball at Laurelhurst Playfield | Laurelhurst Playfield court hours"
"/pickleball/us/wa/seattle/miller-playfield/","venue","Miller Playfield pickleball courts, Seattle","Miller Playfield pickleball courts | pickleball at Miller Playfield | Miller Playfield court hours"
"/pickleball/us/wa/seattle/montlake-playfield/","venue","Montlake Playfield pickleball courts, Seattle","Montlake Playfield pickleball courts | pickleball at Montlake Playfield | Montlake Playfield court hours"
"/pickleball/us/wa/seattle/mt-baker-park/","venue","Mt. Baker Park pickleball courts, Seattle","Mt. Baker Park pickleball courts | pickleball at Mt. Baker Park | Mt. Baker Park court hours"
"/pickleball/us/wa/seattle/observatory-courts/","venue","Observatory Courts pickleball courts, Seattle","Observatory Courts pickleball courts | pickleball at Observatory Courts | Observatory Courts court hours"
"/pickleball/us/wa/seattle/rainier-beach-playfield/","venue","Rainier Beach Playfield pickleball courts, Seattle","Rainier Beach Playfield pickleball courts | pickleball at Rainier Beach Playfield | Rainier Beach Playfield court hours"
"/pickleball/us/wa/seattle/soundview-playfield/","venue","Soundview Playfield pickleball courts, Seattle","Soundview Playfield pickleball courts | pickleball at Soundview Playfield | Soundview Playfield court hours"
"/pickleball/us/wa/seattle/south-park-playground/","venue","South Park Playground pickleball courts, Seattle","South Park Playground pickleball courts | pickleball at South Park Playground | South Park Playground court hours"
"/pickleball/us/wa/seattle/maple-leaf-reservoir-park-pickleball-courts-seattle/","venue","Maple Leaf Reservoir Park pickleball courts, Seattle","Maple Leaf Reservoir Park pickleball courts | pickleball at Maple Leaf Reservoir Park | Maple Leaf Reservoir Park court hours"
"/pickleball/us/wa/seattle/west-magnolia-playfield-pickleball-courts-seattle/","venue","West Magnolia Playfield pickleball courts, Seattle","West Magnolia Playfield pickleball courts | pickleball at West Magnolia Playfield | West Magnolia Playfield court hours"
"/pickleball/us/wa/seattle/walt-hundley-playfield-pickleball-courts-seattle/","venue","Walt Hundley Playfield pickleball courts, Seattle","Walt Hundley Playfield pickleball courts | pickleball at Walt Hundley Playfield | Walt Hundley Playfield court hours"
"/pickleball/us/wa/seattle/greenwood-park-pickleball-courts-seattle/","venue","Greenwood Park pickleball courts, Seattle","Greenwood Park pickleball courts | pickleball at Greenwood Park | Greenwood Park court hours"
"/pickleball/us/wi/madison/","city","pickleball courts in Madison, WI","pickleball courts near Madison | where to play pickleball in Madison, WI | Madison pickleball court list"
"/pickleball/us/wi/madison/outdoor/","city_filter_outdoor","outdoor pickleball courts in Madison, WI","outdoor pickleball Madison | Madison outdoor pickleball courts"
"/pickleball/us/wi/madison/brittingham-park/","venue","Brittingham Park pickleball courts, Madison","Brittingham Park pickleball courts | pickleball at Brittingham Park | Brittingham Park court hours"
"/pickleball/us/wi/madison/door-creek-park/","venue","Door Creek Park pickleball courts, Madison","Door Creek Park pickleball courts | pickleball at Door Creek Park | Door Creek Park court hours"
"/pickleball/us/wi/madison/garner-park/","venue","Garner Park pickleball courts, Madison","Garner Park pickleball courts | pickleball at Garner Park | Garner Park court hours"
"/pickleball/us/wi/madison/heritage-heights-park/","venue","Heritage Heights Park pickleball courts, Madison","Heritage Heights Park pickleball courts | pickleball at Heritage Heights Park | Heritage Heights Park court hours"
"/pickleball/us/wi/madison/kennedy-park/","venue","Kennedy Park pickleball courts, Madison","Kennedy Park pickleball courts | pickleball at Kennedy Park | Kennedy Park court hours"
"/pickleball/us/wi/madison/norman-clayton-park/","venue","Norman Clayton Park pickleball courts, Madison","Norman Clayton Park pickleball courts | pickleball at Norman Clayton Park | Norman Clayton Park court hours"
"/pickleball/us/wi/madison/northland-manor-park/","venue","Northland Manor Park pickleball courts, Madison","Northland Manor Park pickleball courts | pickleball at Northland Manor Park | Northland Manor Park court hours"
"/pickleball/us/wi/madison/olbrich-park/","venue","Olbrich Park pickleball courts, Madison","Olbrich Park pickleball courts | pickleball at Olbrich Park | Olbrich Park court hours"
"/pickleball/us/wi/madison/rennebohm-park/","venue","Rennebohm Park pickleball courts, Madison","Rennebohm Park pickleball courts | pickleball at Rennebohm Park | Rennebohm Park court hours"
"/pickleball/us/wi/madison/reynolds-park/","venue","Reynolds Park pickleball courts, Madison","Reynolds Park pickleball courts | pickleball at Reynolds Park | Reynolds Park court hours"
"/pickleball/us/wi/madison/richmond-hill-park/","venue","Richmond Hill Park pickleball courts, Madison","Richmond Hill Park pickleball courts | pickleball at Richmond Hill Park | Richmond Hill Park court hours"
"/pickleball/us/wi/madison/tenney-park/","venue","Tenney Park pickleball courts, Madison","Tenney Park pickleball courts | pickleball at Tenney Park | Tenney Park court hours"
"/pickleball/us/wi/madison/walnut-grove-park/","venue","Walnut Grove Park pickleball courts, Madison","Walnut Grove Park pickleball courts | pickleball at Walnut Grove Park | Walnut Grove Park court hours"
"/pickleball/us/wi/madison/waunona-park/","venue","Waunona Park pickleball courts, Madison","Waunona Park pickleball courts | pickleball at Waunona Park | Waunona Park court hours"
"/pickleball/us/wi/madison/westhaven-trails-park/","venue","Westhaven Trails Park pickleball courts, Madison","Westhaven Trails Park pickleball courts | pickleball at Westhaven Trails Park | Westhaven Trails Park court hours"
"/pickleball/us/wi/madison/westmorland-park/","venue","Westmorland Park pickleball courts, Madison","Westmorland Park pickleball courts | pickleball at Westmorland Park | Westmorland Park court hours"
"/pickleball/us/wi/madison/wexford-park/","venue","Wexford Park pickleball courts, Madison","Wexford Park pickleball courts | pickleball at Wexford Park | Wexford Park court hours"
"/pickleball/us/wi/madison/bordner-park/","venue","Bordner Park pickleball courts, Madison","Bordner Park pickleball courts | pickleball at Bordner Park | Bordner Park court hours"
"/pickleball/us/wi/madison/elver-park/","venue","Elver Park pickleball courts, Madison","Elver Park pickleball courts | pickleball at Elver Park | Elver Park court hours"
"/pickleball/us/wi/madison/huegel-park/","venue","Huegel Park pickleball courts, Madison","Huegel Park pickleball courts | pickleball at Huegel Park | Huegel Park court hours"
"/pickleball/us/wi/madison/nakoma-park/","venue","Nakoma Park pickleball courts, Madison","Nakoma Park pickleball courts | pickleball at Nakoma Park | Nakoma Park court hours"
"/pickleball/us/wi/madison/warner-park/","venue","Warner Park pickleball courts, Madison","Warner Park pickleball courts | pickleball at Warner Park | Warner Park court hours"
"/pickleball/us/wi/madison/warner-park-community-recreation-center/","venue","Warner Park Community Recreation Center pickleball courts, Madison","Warner Park Community Recreation Center pickleball courts | pickleball at Warner Park Community Recreation Center | Warner Park Community Recreation Center court hours"
"/pickleball/us/tx/austin/","city","pickleball courts in Austin, TX","pickleball courts near Austin | where to play pickleball in Austin, TX | Austin pickleball court list"
"/pickleball/us/tx/austin/outdoor/","city_filter_outdoor","outdoor pickleball courts in Austin, TX","outdoor pickleball Austin | Austin outdoor pickleball courts"
"/pickleball/us/tx/austin/lights/","city_filter_lights","pickleball courts with lights in Austin, TX","lighted pickleball courts Austin | night pickleball Austin"
"/pickleball/us/tx/austin/beverly-s-sheffield-northwest-district-park/","venue","Beverly S. Sheffield Northwest District Park pickleball courts, Austin","Beverly S. Sheffield Northwest District Park pickleball courts | pickleball at Beverly S. Sheffield Northwest District Park | Beverly S. Sheffield Northwest District Park court hours"
"/pickleball/us/tx/austin/hancock-recreation-center/","venue","Hancock Recreation Center pickleball courts, Austin","Hancock Recreation Center pickleball courts | pickleball at Hancock Recreation Center | Hancock Recreation Center court hours"
"/pickleball/us/tx/austin/austin-high-tennis-center/","venue","Austin High Tennis Center pickleball courts, Austin","Austin High Tennis Center pickleball courts | pickleball at Austin High Tennis Center | Austin High Tennis Center court hours"
"/pickleball/us/tx/austin/austin-tennis-and-pickleball-center/","venue","Austin Tennis and Pickleball Center at Walnut Creek Sports Park pickleball courts, Austin","Austin Tennis and Pickleball Center at Walnut Creek Sports Park pickleball courts | pickleball at Austin Tennis and Pickleball Center at Walnut Creek Sports Park | Austin Tennis and Pickleball Center at Walnut Creek Sports Park court hours"
"/pickleball/us/tx/austin/brentwood-neighborhood-park/","venue","Brentwood Neighborhood Park pickleball courts, Austin","Brentwood Neighborhood Park pickleball courts | pickleball at Brentwood Neighborhood Park | Brentwood Neighborhood Park court hours"
"/pickleball/us/tx/austin/delta-pocket-park/","venue","Delta Pocket Park pickleball courts, Austin","Delta Pocket Park pickleball courts | pickleball at Delta Pocket Park | Delta Pocket Park court hours"
"/pickleball/us/tx/austin/dick-nichols-district-park/","venue","Dick Nichols District Park pickleball courts, Austin","Dick Nichols District Park pickleball courts | pickleball at Dick Nichols District Park | Dick Nichols District Park court hours"
"/pickleball/us/tx/austin/don-baylor-neighborhood-park/","venue","Don Baylor Neighborhood Park pickleball courts, Austin","Don Baylor Neighborhood Park pickleball courts | pickleball at Don Baylor Neighborhood Park | Don Baylor Neighborhood Park court hours"
"/pickleball/us/tx/austin/eastside-pocket-park/","venue","Eastside Pocket Park pickleball courts, Austin","Eastside Pocket Park pickleball courts | pickleball at Eastside Pocket Park | Eastside Pocket Park court hours"
"/pickleball/us/tx/austin/gus-garcia-district-park/","venue","Gustavo ""Gus"" L. Garcia District Park pickleball courts, Austin","Gustavo ""Gus"" L. Garcia District Park pickleball courts | pickleball at Gustavo ""Gus"" L. Garcia District Park | Gustavo ""Gus"" L. Garcia District Park court hours"
"/pickleball/us/tx/austin/little-zilker-neighborhood-park/","venue","Little Zilker Neighborhood Park pickleball courts, Austin","Little Zilker Neighborhood Park pickleball courts | pickleball at Little Zilker Neighborhood Park | Little Zilker Neighborhood Park court hours"
"/pickleball/us/tx/austin/mary-frances-baylor-clarksville-pocket-park/","venue","Mary Frances Baylor Clarksville Pocket Park pickleball courts, Austin","Mary Frances Baylor Clarksville Pocket Park pickleball courts | pickleball at Mary Frances Baylor Clarksville Pocket Park | Mary Frances Baylor Clarksville Pocket Park court hours"
"/pickleball/us/tx/austin/mary-moore-searight-metro-park/","venue","Mary Moore Searight Metro Park pickleball courts, Austin","Mary Moore Searight Metro Park pickleball courts | pickleball at Mary Moore Searight Metro Park | Mary Moore Searight Metro Park court hours"
"/pickleball/us/tx/austin/mountain-view-neighborhood-park/","venue","Mountain View Neighborhood Park pickleball courts, Austin","Mountain View Neighborhood Park pickleball courts | pickleball at Mountain View Neighborhood Park | Mountain View Neighborhood Park court hours"
"/pickleball/us/tx/austin/north-lake-creek-neighborhood-park/","venue","North Lake Creek Neighborhood Park pickleball courts, Austin","North Lake Creek Neighborhood Park pickleball courts | pickleball at North Lake Creek Neighborhood Park | North Lake Creek Neighborhood Park court hours"
"/pickleball/us/tx/austin/pan-american-neighborhood-park/","venue","Pan American Neighborhood Park pickleball courts, Austin","Pan American Neighborhood Park pickleball courts | pickleball at Pan American Neighborhood Park | Pan American Neighborhood Park court hours"
"/pickleball/us/tx/austin/patterson-neighborhood-park/","venue","Patterson Neighborhood Park pickleball courts, Austin","Patterson Neighborhood Park pickleball courts | pickleball at Patterson Neighborhood Park | Patterson Neighborhood Park court hours"
"/pickleball/us/tx/austin/rosewood-neighborhood-park/","venue","Rosewood Neighborhood Park pickleball courts, Austin","Rosewood Neighborhood Park pickleball courts | pickleball at Rosewood Neighborhood Park | Rosewood Neighborhood Park court hours"
"/pickleball/us/tx/austin/shipe-neighborhood-park/","venue","Shipe Neighborhood Park pickleball courts, Austin","Shipe Neighborhood Park pickleball courts | pickleball at Shipe Neighborhood Park | Shipe Neighborhood Park court hours"
"/pickleball/us/tx/austin/south-austin-neighborhood-park/","venue","South Austin Neighborhood Park pickleball courts, Austin","South Austin Neighborhood Park pickleball courts | pickleball at South Austin Neighborhood Park | South Austin Neighborhood Park court hours"
"/pickleball/us/tx/austin/springwoods-neighborhood-park/","venue","Springwoods Neighborhood Park pickleball courts, Austin","Springwoods Neighborhood Park pickleball courts | pickleball at Springwoods Neighborhood Park | Springwoods Neighborhood Park court hours"
"/pickleball/us/ky/louisville/","city","pickleball courts in Louisville, KY","pickleball courts near Louisville | where to play pickleball in Louisville, KY | Louisville pickleball court list"
"/pickleball/us/ky/louisville/outdoor/","city_filter_outdoor","outdoor pickleball courts in Louisville, KY","outdoor pickleball Louisville | Louisville outdoor pickleball courts"
"/pickleball/us/ky/louisville/des-pres-park/","venue","Des Pres Park pickleball courts, Louisville","Des Pres Park pickleball courts | pickleball at Des Pres Park | Des Pres Park court hours"
"/pickleball/us/ky/louisville/sun-valley-park/","venue","Sun Valley Park pickleball courts, Louisville","Sun Valley Park pickleball courts | pickleball at Sun Valley Park | Sun Valley Park court hours"
"/pickleball/us/ky/louisville/charlie-vettiner-park/","venue","Charlie Vettiner Park pickleball courts, Louisville","Charlie Vettiner Park pickleball courts | pickleball at Charlie Vettiner Park | Charlie Vettiner Park court hours"
"/pickleball/us/ky/louisville/iroquois-park/","venue","Iroquois Park pickleball courts, Louisville","Iroquois Park pickleball courts | pickleball at Iroquois Park | Iroquois Park court hours"
"/pickleball/us/ky/louisville/mcneely-lake-park/","venue","McNeely Lake Park pickleball courts, Louisville","McNeely Lake Park pickleball courts | pickleball at McNeely Lake Park | McNeely Lake Park court hours"
"/pickleball/us/ky/louisville/crescent-hill-park/","venue","Crescent Hill Park pickleball courts, Louisville","Crescent Hill Park pickleball courts | pickleball at Crescent Hill Park | Crescent Hill Park court hours"
"/pickleball/us/ky/louisville/fern-creek-park/","venue","Fern Creek Park pickleball courts, Louisville","Fern Creek Park pickleball courts | pickleball at Fern Creek Park | Fern Creek Park court hours"
"/pickleball/us/ky/louisville/george-rogers-clark-park/","venue","George Rogers Clark Park pickleball courts, Louisville","George Rogers Clark Park pickleball courts | pickleball at George Rogers Clark Park | George Rogers Clark Park court hours"
"/pickleball/us/ky/louisville/hays-kennedy-park/","venue","Hays Kennedy Park pickleball courts, Louisville","Hays Kennedy Park pickleball courts | pickleball at Hays Kennedy Park | Hays Kennedy Park court hours"
"/pickleball/us/ky/louisville/petersburg-park/","venue","Petersburg Park pickleball courts, Louisville","Petersburg Park pickleball courts | pickleball at Petersburg Park | Petersburg Park court hours"
"/pickleball/us/ky/louisville/riverview-park/","venue","Riverview Park pickleball courts, Louisville","Riverview Park pickleball courts | pickleball at Riverview Park | Riverview Park court hours"
"/pickleball/us/ky/louisville/wyandotte-park/","venue","Wyandotte Park pickleball courts, Louisville","Wyandotte Park pickleball courts | pickleball at Wyandotte Park | Wyandotte Park court hours"
"/pickleball/us/ky/louisville/nelson-hornbeck-park/","venue","Nelson Hornbeck Park pickleball courts, Louisville","Nelson Hornbeck Park pickleball courts | pickleball at Nelson Hornbeck Park | Nelson Hornbeck Park court hours"
"/pickleball/us/ky/louisville/riverside-gardens-park/","venue","Riverside Gardens Park pickleball courts, Louisville","Riverside Gardens Park pickleball courts | pickleball at Riverside Gardens Park | Riverside Gardens Park court hours"
"/pickleball/us/ky/louisville/tyler-park/","venue","Tyler Park pickleball courts, Louisville","Tyler Park pickleball courts | pickleball at Tyler Park | Tyler Park court hours"
"/pickleball/us/ky/louisville/new-walnut-street-park/","venue","New Walnut Street Park pickleball courts, Louisville","New Walnut Street Park pickleball courts | pickleball at New Walnut Street Park | New Walnut Street Park court hours"
"/pickleball/us/fl/tampa/","city","pickleball courts in Tampa, FL","pickleball courts near Tampa | where to play pickleball in Tampa, FL | Tampa pickleball court list"
"/pickleball/us/fl/tampa/indoor/","city_filter_indoor","indoor pickleball courts in Tampa, FL","indoor pickleball Tampa | Tampa indoor pickleball courts"
"/pickleball/us/fl/tampa/outdoor/","city_filter_outdoor","outdoor pickleball courts in Tampa, FL","outdoor pickleball Tampa | Tampa outdoor pickleball courts"
"/pickleball/us/fl/tampa/cuscaden-park/","venue","Cuscaden Park pickleball courts, Tampa","Cuscaden Park pickleball courts | pickleball at Cuscaden Park | Cuscaden Park court hours"
"/pickleball/us/fl/tampa/port-tampa-community-center/","venue","Port Tampa Community Center pickleball courts, Tampa","Port Tampa Community Center pickleball courts | pickleball at Port Tampa Community Center | Port Tampa Community Center court hours"
"/pickleball/us/fl/tampa/al-barnes-park/","venue","Al Barnes Park pickleball courts, Tampa","Al Barnes Park pickleball courts | pickleball at Al Barnes Park | Al Barnes Park court hours"
"/pickleball/us/fl/tampa/copeland-park/","venue","Copeland Park pickleball courts, Tampa","Copeland Park pickleball courts | pickleball at Copeland Park | Copeland Park court hours"
"/pickleball/us/fl/tampa/davis-islands/","venue","Davis Islands pickleball courts, Tampa","Davis Islands pickleball courts | pickleball at Davis Islands | Davis Islands court hours"
"/pickleball/us/fl/tampa/forest-hills/","venue","Forest Hills pickleball courts, Tampa","Forest Hills pickleball courts | pickleball at Forest Hills | Forest Hills court hours"
"/pickleball/us/fl/tampa/highland-pines-park/","venue","Highland Pines Park pickleball courts, Tampa","Highland Pines Park pickleball courts | pickleball at Highland Pines Park | Highland Pines Park court hours"
"/pickleball/us/fl/tampa/macfarlane-park/","venue","Macfarlane Park pickleball courts, Tampa","Macfarlane Park pickleball courts | pickleball at Macfarlane Park | Macfarlane Park court hours"
"/pickleball/us/fl/tampa/madison-street-park/","venue","Madison Street Park pickleball courts, Tampa","Madison Street Park pickleball courts | pickleball at Madison Street Park | Madison Street Park court hours"
"/pickleball/us/fl/tampa/new-tampa-sports-pavilion/","venue","New Tampa Sports Pavilion pickleball courts, Tampa","New Tampa Sports Pavilion pickleball courts | pickleball at New Tampa Sports Pavilion | New Tampa Sports Pavilion court hours"
"/pickleball/us/fl/tampa/skyview-park/","venue","Skyview Park pickleball courts, Tampa","Skyview Park pickleball courts | pickleball at Skyview Park | Skyview Park court hours"
"/pickleball/us/fl/tampa/vila-brothers-park/","venue","Vila Brothers Park pickleball courts, Tampa","Vila Brothers Park pickleball courts | pickleball at Vila Brothers Park | Vila Brothers Park court hours"
"/pickleball/us/fl/tampa/david-m-barksdale-center/","venue","David M Barksdale Center pickleball courts, Tampa","David M Barksdale Center pickleball courts | pickleball at David M Barksdale Center | David M Barksdale Center court hours"
"/pickleball/us/fl/tampa/cordelia-b-hunt-center/","venue","Cordelia B Hunt Center pickleball courts, Tampa","Cordelia B Hunt Center pickleball courts | pickleball at Cordelia B Hunt Center | Cordelia B Hunt Center court hours"
"/pickleball/us/fl/tampa/loretta-ingraham-center/","venue","Loretta Ingraham Center pickleball courts, Tampa","Loretta Ingraham Center pickleball courts | pickleball at Loretta Ingraham Center | Loretta Ingraham Center court hours"
"/pickleball/us/nm/albuquerque/","city","pickleball courts in Albuquerque, NM","pickleball courts near Albuquerque | where to play pickleball in Albuquerque, NM | Albuquerque pickleball court list"
"/pickleball/us/nm/albuquerque/manzano-mesa-park/","venue","Manzano Mesa Pickleball Complex pickleball courts, Albuquerque","Manzano Mesa Pickleball Complex pickleball courts | pickleball at Manzano Mesa Pickleball Complex | Manzano Mesa Pickleball Complex court hours"
"/pickleball/us/nm/albuquerque/villela-park/","venue","Villela Pickleball Courts pickleball courts, Albuquerque","Villela Pickleball Courts pickleball courts | pickleball at Villela Pickleball Courts | Villela Pickleball Courts court hours"
"/pickleball/us/nm/albuquerque/sierra-vista-tennis-complex/","venue","Sierra Vista Tennis Complex pickleball courts, Albuquerque","Sierra Vista Tennis Complex pickleball courts | pickleball at Sierra Vista Tennis Complex | Sierra Vista Tennis Complex court hours"
"/pickleball/us/nm/albuquerque/hoffman-park/","venue","Hoffman Park pickleball courts, Albuquerque","Hoffman Park pickleball courts | pickleball at Hoffman Park | Hoffman Park court hours"
"/pickleball/us/nm/albuquerque/rinconada-park/","venue","Rinconada Park pickleball courts, Albuquerque","Rinconada Park pickleball courts | pickleball at Rinconada Park | Rinconada Park court hours"
"/pickleball/us/nm/albuquerque/montgomery-park/","venue","Montgomery Park pickleball courts, Albuquerque","Montgomery Park pickleball courts | pickleball at Montgomery Park | Montgomery Park court hours"
"/pickleball/us/nm/albuquerque/columbus-park/","venue","Columbus Park pickleball courts, Albuquerque","Columbus Park pickleball courts | pickleball at Columbus Park | Columbus Park court hours"
"/pickleball/us/nm/albuquerque/eagle-ranch-park/","venue","Eagle Ranch Park pickleball courts, Albuquerque","Eagle Ranch Park pickleball courts | pickleball at Eagle Ranch Park | Eagle Ranch Park court hours"
"/pickleball/us/nm/albuquerque/loma-del-norte-park/","venue","Loma Del Norte Park pickleball courts, Albuquerque","Loma Del Norte Park pickleball courts | pickleball at Loma Del Norte Park | Loma Del Norte Park court hours"
"/pickleball/us/nm/albuquerque/lynnewood-park/","venue","Lynnewood Park pickleball courts, Albuquerque","Lynnewood Park pickleball courts | pickleball at Lynnewood Park | Lynnewood Park court hours"
"/pickleball/us/nm/albuquerque/lauren-c-bolles/","venue","Lauren C. Bolles pickleball courts, Albuquerque","Lauren C. Bolles pickleball courts | pickleball at Lauren C. Bolles | Lauren C. Bolles court hours"
"/pickleball/us/nm/albuquerque/quintessence-park/","venue","Quintessence Park pickleball courts, Albuquerque","Quintessence Park pickleball courts | pickleball at Quintessence Park | Quintessence Park court hours"
"/pickleball/us/nm/albuquerque/wells-park/","venue","Wells Park pickleball courts, Albuquerque","Wells Park pickleball courts | pickleball at Wells Park | Wells Park court hours"
"/pickleball/us/wa/bellevue/","city","pickleball courts in Bellevue, WA","pickleball courts near Bellevue | where to play pickleball in Bellevue, WA | Bellevue pickleball court list"
"/pickleball/us/wa/bellevue/indoor/","city_filter_indoor","indoor pickleball courts in Bellevue, WA","indoor pickleball Bellevue | Bellevue indoor pickleball courts"
"/pickleball/us/wa/bellevue/outdoor/","city_filter_outdoor","outdoor pickleball courts in Bellevue, WA","outdoor pickleball Bellevue | Bellevue outdoor pickleball courts"
"/pickleball/us/wa/bellevue/crossroads-community-center/","venue","Crossroads Community Center pickleball courts, Bellevue","Crossroads Community Center pickleball courts | pickleball at Crossroads Community Center | Crossroads Community Center court hours"
"/pickleball/us/wa/bellevue/eastgate-park/","venue","Eastgate Park pickleball courts, Bellevue","Eastgate Park pickleball courts | pickleball at Eastgate Park | Eastgate Park court hours"
"/pickleball/us/wa/bellevue/hidden-valley-park/","venue","Hidden Valley Park pickleball courts, Bellevue","Hidden Valley Park pickleball courts | pickleball at Hidden Valley Park | Hidden Valley Park court hours"
"/pickleball/us/wa/bellevue/highland-park/","venue","Highland Park pickleball courts, Bellevue","Highland Park pickleball courts | pickleball at Highland Park | Highland Park court hours"
"/pickleball/us/wa/bellevue/lakemont-community-park/","venue","Lakemont Community Park pickleball courts, Bellevue","Lakemont Community Park pickleball courts | pickleball at Lakemont Community Park | Lakemont Community Park court hours"
"/pickleball/us/wa/bellevue/norwood-village-neighborhood-park/","venue","Norwood Village Neighborhood Park pickleball courts, Bellevue","Norwood Village Neighborhood Park pickleball courts | pickleball at Norwood Village Neighborhood Park | Norwood Village Neighborhood Park court hours"
"/pickleball/us/wa/bellevue/spiritridge-park/","venue","Spiritridge Park pickleball courts, Bellevue","Spiritridge Park pickleball courts | pickleball at Spiritridge Park | Spiritridge Park court hours"
"/pickleball/us/wa/bellevue/hillaire-park/","venue","Hillaire Park pickleball courts, Bellevue","Hillaire Park pickleball courts | pickleball at Hillaire Park | Hillaire Park court hours"
"/pickleball/us/wa/bellevue/south-bellevue-community-center/","venue","South Bellevue Community Center pickleball courts, Bellevue","South Bellevue Community Center pickleball courts | pickleball at South Bellevue Community Center | South Bellevue Community Center court hours"
"/pickleball/us/wa/bellevue/cherry-crest-mini-park/","venue","Cherry Crest Mini Park pickleball courts, Bellevue","Cherry Crest Mini Park pickleball courts | pickleball at Cherry Crest Mini Park | Cherry Crest Mini Park court hours"
"/pickleball/us/wa/bellevue/crossroads-park/","venue","Crossroads Park pickleball courts, Bellevue","Crossroads Park pickleball courts | pickleball at Crossroads Park | Crossroads Park court hours"
"/pickleball/us/wa/bellevue/lewis-creek-park/","venue","Lewis Creek Park pickleball courts, Bellevue","Lewis Creek Park pickleball courts | pickleball at Lewis Creek Park | Lewis Creek Park court hours"
"/pickleball/us/wa/bellevue/north-bellevue-community-center/","venue","North Bellevue Community Center pickleball courts, Bellevue","North Bellevue Community Center pickleball courts | pickleball at North Bellevue Community Center | North Bellevue Community Center court hours"
"/pickleball/us/md/rockville/","city","pickleball courts in Rockville, MD","pickleball courts near Rockville | where to play pickleball in Rockville, MD | Rockville pickleball court list"
"/pickleball/us/md/rockville/outdoor/","city_filter_outdoor","outdoor pickleball courts in Rockville, MD","outdoor pickleball Rockville | Rockville outdoor pickleball courts"
"/pickleball/us/md/rockville/lights/","city_filter_lights","pickleball courts with lights in Rockville, MD","lighted pickleball courts Rockville | night pickleball Rockville"
"/pickleball/us/md/rockville/broome-athletic-park/","venue","Broome Athletic Park pickleball courts, Rockville","Broome Athletic Park pickleball courts | pickleball at Broome Athletic Park | Broome Athletic Park court hours"
"/pickleball/us/md/rockville/dogwood-park/","venue","Dogwood Park pickleball courts, Rockville","Dogwood Park pickleball courts | pickleball at Dogwood Park | Dogwood Park court hours"
"/pickleball/us/md/rockville/welsh-park/","venue","Welsh Park pickleball courts, Rockville","Welsh Park pickleball courts | pickleball at Welsh Park | Welsh Park court hours"
"/pickleball/us/md/rockville/calvin-park/","venue","Calvin Park pickleball courts, Rockville","Calvin Park pickleball courts | pickleball at Calvin Park | Calvin Park court hours"
"/pickleball/us/md/rockville/fallsgrove-park/","venue","Fallsgrove Park pickleball courts, Rockville","Fallsgrove Park pickleball courts | pickleball at Fallsgrove Park | Fallsgrove Park court hours"
"/pickleball/us/md/rockville/hillcrest-park/","venue","Hillcrest Park pickleball courts, Rockville","Hillcrest Park pickleball courts | pickleball at Hillcrest Park | Hillcrest Park court hours"
"/pickleball/us/md/rockville/isreal-park/","venue","Isreal Park pickleball courts, Rockville","Isreal Park pickleball courts | pickleball at Isreal Park | Isreal Park court hours"
"/pickleball/us/md/rockville/mattie-j-t-stepanek-park/","venue","Mattie J.T. Stepanek Park pickleball courts, Rockville","Mattie J.T. Stepanek Park pickleball courts | pickleball at Mattie J.T. Stepanek Park | Mattie J.T. Stepanek Park court hours"
"/pickleball/us/md/rockville/north-farm-park/","venue","North Farm Park pickleball courts, Rockville","North Farm Park pickleball courts | pickleball at North Farm Park | North Farm Park court hours"
"/pickleball/us/md/rockville/potomac-woods-park/","venue","Potomac Woods Park pickleball courts, Rockville","Potomac Woods Park pickleball courts | pickleball at Potomac Woods Park | Potomac Woods Park court hours"
"/pickleball/us/md/rockville/rockcrest-park/","venue","Rockcrest Park pickleball courts, Rockville","Rockcrest Park pickleball courts | pickleball at Rockcrest Park | Rockcrest Park court hours"
"/pickleball/us/md/rockville/rockville-civic-center-park/","venue","Rockville Civic Center Park pickleball courts, Rockville","Rockville Civic Center Park pickleball courts | pickleball at Rockville Civic Center Park | Rockville Civic Center Park court hours"
"/pickleball/us/or/portland/","city","pickleball courts in Portland, OR","pickleball courts near Portland | where to play pickleball in Portland, OR | Portland pickleball court list"
"/pickleball/us/or/portland/indoor/","city_filter_indoor","indoor pickleball courts in Portland, OR","indoor pickleball Portland | Portland indoor pickleball courts"
"/pickleball/us/or/portland/outdoor/","city_filter_outdoor","outdoor pickleball courts in Portland, OR","outdoor pickleball Portland | Portland outdoor pickleball courts"
"/pickleball/us/or/portland/free/","city_filter_free","free pickleball courts in Portland, OR","free pickleball Portland | Portland free pickleball courts"
"/pickleball/us/or/portland/columbia-park/","venue","Columbia Park pickleball courts, Portland","Columbia Park pickleball courts | pickleball at Columbia Park | Columbia Park court hours"
"/pickleball/us/or/portland/east-portland-community-center/","venue","East Portland Community Center pickleball courts, Portland","East Portland Community Center pickleball courts | pickleball at East Portland Community Center | East Portland Community Center court hours"
"/pickleball/us/or/portland/gabriel-park/","venue","Gabriel Park pickleball courts, Portland","Gabriel Park pickleball courts | pickleball at Gabriel Park | Gabriel Park court hours"
"/pickleball/us/or/portland/laurelhurst-park/","venue","Laurelhurst Park pickleball courts, Portland","Laurelhurst Park pickleball courts | pickleball at Laurelhurst Park | Laurelhurst Park court hours"
"/pickleball/us/or/portland/sellwood-park/","venue","Sellwood Park pickleball courts, Portland","Sellwood Park pickleball courts | pickleball at Sellwood Park | Sellwood Park court hours"
"/pickleball/us/or/portland/pier-park/","venue","Pier Park pickleball courts, Portland","Pier Park pickleball courts | pickleball at Pier Park | Pier Park court hours"
"/pickleball/us/or/portland/hillside-park/","venue","Hillside Park pickleball courts, Portland","Hillside Park pickleball courts | pickleball at Hillside Park | Hillside Park court hours"
"/pickleball/us/or/portland/southwest-community-center/","venue","Southwest Community Center pickleball courts, Portland","Southwest Community Center pickleball courts | pickleball at Southwest Community Center | Southwest Community Center court hours"
"/pickleball/us/or/portland/st-johns-community-center/","venue","St. Johns Community Center pickleball courts, Portland","St. Johns Community Center pickleball courts | pickleball at St. Johns Community Center | St. Johns Community Center court hours"
"/pickleball/us/or/portland/montavilla-community-center/","venue","Montavilla Community Center pickleball courts, Portland","Montavilla Community Center pickleball courts | pickleball at Montavilla Community Center | Montavilla Community Center court hours"
"/pickleball/us/or/portland/portland-tennis-center/","venue","Portland Tennis Center pickleball courts, Portland","Portland Tennis Center pickleball courts | pickleball at Portland Tennis Center | Portland Tennis Center court hours"
"/pickleball/us/nc/raleigh/","city","pickleball courts in Raleigh, NC","pickleball courts near Raleigh | where to play pickleball in Raleigh, NC | Raleigh pickleball court list"
"/pickleball/us/nc/raleigh/outdoor/","city_filter_outdoor","outdoor pickleball courts in Raleigh, NC","outdoor pickleball Raleigh | Raleigh outdoor pickleball courts"
"/pickleball/us/nc/raleigh/lights/","city_filter_lights","pickleball courts with lights in Raleigh, NC","lighted pickleball courts Raleigh | night pickleball Raleigh"
"/pickleball/us/nc/raleigh/north-hills-park/","venue","North Hills Park pickleball courts, Raleigh","North Hills Park pickleball courts | pickleball at North Hills Park | North Hills Park court hours"
"/pickleball/us/nc/raleigh/tarboro-road-park/","venue","Tarboro Road Park pickleball courts, Raleigh","Tarboro Road Park pickleball courts | pickleball at Tarboro Road Park | Tarboro Road Park court hours"
"/pickleball/us/nc/raleigh/baileywick-park/","venue","Baileywick Park pickleball courts, Raleigh","Baileywick Park pickleball courts | pickleball at Baileywick Park | Baileywick Park court hours"
"/pickleball/us/nc/raleigh/carolina-pines-park/","venue","Carolina Pines Park pickleball courts, Raleigh","Carolina Pines Park pickleball courts | pickleball at Carolina Pines Park | Carolina Pines Park court hours"
"/pickleball/us/nc/raleigh/fred-fletcher-park/","venue","Fred Fletcher Park pickleball courts, Raleigh","Fred Fletcher Park pickleball courts | pickleball at Fred Fletcher Park | Fred Fletcher Park court hours"
"/pickleball/us/nc/raleigh/jaycee-park/","venue","Jaycee Park pickleball courts, Raleigh","Jaycee Park pickleball courts | pickleball at Jaycee Park | Jaycee Park court hours"
"/pickleball/us/nc/raleigh/method-community-park/","venue","Method Community Park pickleball courts, Raleigh","Method Community Park pickleball courts | pickleball at Method Community Park | Method Community Park court hours"
"/pickleball/us/nc/raleigh/powell-drive-park/","venue","Powell Drive Park pickleball courts, Raleigh","Powell Drive Park pickleball courts | pickleball at Powell Drive Park | Powell Drive Park court hours"
"/pickleball/us/nc/raleigh/roberts-park/","venue","Roberts Park pickleball courts, Raleigh","Roberts Park pickleball courts | pickleball at Roberts Park | Roberts Park court hours"
"/pickleball/us/nc/raleigh/sanderford-road-park/","venue","Sanderford Road Park pickleball courts, Raleigh","Sanderford Road Park pickleball courts | pickleball at Sanderford Road Park | Sanderford Road Park court hours"
"/pickleball/us/nc/raleigh/southgate-park/","venue","Southgate Park pickleball courts, Raleigh","Southgate Park pickleball courts | pickleball at Southgate Park | Southgate Park court hours"
"/pickleball/us/ks/wichita/","city","pickleball courts in Wichita, KS","pickleball courts near Wichita | where to play pickleball in Wichita, KS | Wichita pickleball court list"
"/pickleball/us/ks/wichita/indoor/","city_filter_indoor","indoor pickleball courts in Wichita, KS","indoor pickleball Wichita | Wichita indoor pickleball courts"
"/pickleball/us/ks/wichita/outdoor/","city_filter_outdoor","outdoor pickleball courts in Wichita, KS","outdoor pickleball Wichita | Wichita outdoor pickleball courts"
"/pickleball/us/ks/wichita/boston-recreation-center/","venue","Boston Recreation Center pickleball courts, Wichita","Boston Recreation Center pickleball courts | pickleball at Boston Recreation Center | Boston Recreation Center court hours"
"/pickleball/us/ks/wichita/buffalo-park/","venue","Buffalo Park pickleball courts, Wichita","Buffalo Park pickleball courts | pickleball at Buffalo Park | Buffalo Park court hours"
"/pickleball/us/ks/wichita/edgemoor-park/","venue","Edgemoor Park pickleball courts, Wichita","Edgemoor Park pickleball courts | pickleball at Edgemoor Park | Edgemoor Park court hours"
"/pickleball/us/ks/wichita/evergreen-recreation-center/","venue","Evergreen Recreation Center pickleball courts, Wichita","Evergreen Recreation Center pickleball courts | pickleball at Evergreen Recreation Center | Evergreen Recreation Center court hours"
"/pickleball/us/ks/wichita/linwood-recreation-center/","venue","Linwood Recreation Center pickleball courts, Wichita","Linwood Recreation Center pickleball courts | pickleball at Linwood Recreation Center | Linwood Recreation Center court hours"
"/pickleball/us/ks/wichita/orchard-park-recreation-center/","venue","Orchard Recreation Center pickleball courts, Wichita","Orchard Recreation Center pickleball courts | pickleball at Orchard Recreation Center | Orchard Recreation Center court hours"
"/pickleball/us/ks/wichita/osage-park/","venue","Osage Park pickleball courts, Wichita","Osage Park pickleball courts | pickleball at Osage Park | Osage Park court hours"
"/pickleball/us/ks/wichita/seneca-park/","venue","Seneca Park pickleball courts, Wichita","Seneca Park pickleball courts | pickleball at Seneca Park | Seneca Park court hours"
"/pickleball/us/ks/wichita/brewer-recreation-center/","venue","Brewer Recreation Center pickleball courts, Wichita","Brewer Recreation Center pickleball courts | pickleball at Brewer Recreation Center | Brewer Recreation Center court hours"
"/pickleball/us/ks/wichita/riverside-tennis-center/","venue","Riverside Tennis Center pickleball courts, Wichita","Riverside Tennis Center pickleball courts | pickleball at Riverside Tennis Center | Riverside Tennis Center court hours"
"/pickleball/us/ca/long-beach/","city","pickleball courts in Long Beach, CA","pickleball courts near Long Beach | where to play pickleball in Long Beach, CA | Long Beach pickleball court list"
"/pickleball/us/ca/long-beach/el-dorado-park-tennis-center/","venue","El Dorado Park Tennis & Pickleball Center pickleball courts, Long Beach","El Dorado Park Tennis & Pickleball Center pickleball courts | pickleball at El Dorado Park Tennis & Pickleball Center | El Dorado Park Tennis & Pickleball Center court hours"
"/pickleball/us/ca/long-beach/marina-vista-park/","venue","Marina Vista Park pickleball courts, Long Beach","Marina Vista Park pickleball courts | pickleball at Marina Vista Park | Marina Vista Park court hours"
"/pickleball/us/ca/long-beach/veterans-park/","venue","Veterans Park pickleball courts, Long Beach","Veterans Park pickleball courts | pickleball at Veterans Park | Veterans Park court hours"
"/pickleball/us/ca/long-beach/deforest-park/","venue","DeForest Park pickleball courts, Long Beach","DeForest Park pickleball courts | pickleball at DeForest Park | DeForest Park court hours"
"/pickleball/us/ca/long-beach/silverado-park/","venue","Silverado Park pickleball courts, Long Beach","Silverado Park pickleball courts | pickleball at Silverado Park | Silverado Park court hours"
"/pickleball/us/ca/long-beach/junipero-beach/","venue","Junipero Beach pickleball courts, Long Beach","Junipero Beach pickleball courts | pickleball at Junipero Beach | Junipero Beach court hours"
"/pickleball/us/ca/long-beach/el-dorado-park-west/","venue","El Dorado Park West pickleball courts, Long Beach","El Dorado Park West pickleball courts | pickleball at El Dorado Park West | El Dorado Park West court hours"
"/pickleball/us/ca/long-beach/bayshore-park/","venue","Bayshore Park pickleball courts, Long Beach","Bayshore Park pickleball courts | pickleball at Bayshore Park | Bayshore Park court hours"
"/pickleball/us/tx/san-antonio/","city","pickleball courts in San Antonio, TX","pickleball courts near San Antonio | where to play pickleball in San Antonio, TX | San Antonio pickleball court list"
"/pickleball/us/tx/san-antonio/outdoor/","city_filter_outdoor","outdoor pickleball courts in San Antonio, TX","outdoor pickleball San Antonio | San Antonio outdoor pickleball courts"
"/pickleball/us/tx/san-antonio/garza-park/","venue","Garza Park pickleball courts, San Antonio","Garza Park pickleball courts | pickleball at Garza Park | Garza Park court hours"
"/pickleball/us/tx/san-antonio/monterrey-park/","venue","Monterrey Park pickleball courts, San Antonio","Monterrey Park pickleball courts | pickleball at Monterrey Park | Monterrey Park court hours"
"/pickleball/us/tx/san-antonio/fairchild-park/","venue","Fairchild Park pickleball courts, San Antonio","Fairchild Park pickleball courts | pickleball at Fairchild Park | Fairchild Park court hours"
"/pickleball/us/tx/san-antonio/normoyle-park/","venue","Normoyle Park pickleball courts, San Antonio","Normoyle Park pickleball courts | pickleball at Normoyle Park | Normoyle Park court hours"
"/pickleball/us/tx/san-antonio/oak-haven-park/","venue","Oak Haven Park pickleball courts, San Antonio","Oak Haven Park pickleball courts | pickleball at Oak Haven Park | Oak Haven Park court hours"
"/pickleball/us/tx/san-antonio/palm-heights-park/","venue","Palm Heights Park pickleball courts, San Antonio","Palm Heights Park pickleball courts | pickleball at Palm Heights Park | Palm Heights Park court hours"
"/pickleball/us/tx/san-antonio/pittman-sullivan-park/","venue","Pittman-Sullivan Park pickleball courts, San Antonio","Pittman-Sullivan Park pickleball courts | pickleball at Pittman-Sullivan Park | Pittman-Sullivan Park court hours"
"/pickleball/us/tx/san-antonio/tejeda-park/","venue","Tejeda Park pickleball courts, San Antonio","Tejeda Park pickleball courts | pickleball at Tejeda Park | Tejeda Park court hours"
"/pickleball/us/nv/henderson/","city","pickleball courts in Henderson, NV","pickleball courts near Henderson | where to play pickleball in Henderson, NV | Henderson pickleball court list"
"/pickleball/us/nv/henderson/black-mountain-recreation-center/","venue","Black Mountain Recreation Center pickleball courts, Henderson","Black Mountain Recreation Center pickleball courts | pickleball at Black Mountain Recreation Center | Black Mountain Recreation Center court hours"
"/pickleball/us/nv/henderson/mission-hills-park/","venue","Mission Hills Park pickleball courts, Henderson","Mission Hills Park pickleball courts | pickleball at Mission Hills Park | Mission Hills Park court hours"
"/pickleball/us/nv/henderson/siena-heights-trailhead/","venue","Siena Heights Trailhead pickleball courts, Henderson","Siena Heights Trailhead pickleball courts | pickleball at Siena Heights Trailhead | Siena Heights Trailhead court hours"
"/pickleball/us/nv/henderson/aventura-park/","venue","Aventura Park pickleball courts, Henderson","Aventura Park pickleball courts | pickleball at Aventura Park | Aventura Park court hours"
"/pickleball/us/nv/henderson/sonata-park/","venue","Sonata Park pickleball courts, Henderson","Sonata Park pickleball courts | pickleball at Sonata Park | Sonata Park court hours"
"/pickleball/us/nv/henderson/sunridge-park/","venue","Sunridge Park pickleball courts, Henderson","Sunridge Park pickleball courts | pickleball at Sunridge Park | Sunridge Park court hours"
"/pickleball/us/nv/henderson/silver-springs-recreation-center/","venue","Silver Springs Recreation Center pickleball courts, Henderson","Silver Springs Recreation Center pickleball courts | pickleball at Silver Springs Recreation Center | Silver Springs Recreation Center court hours"
"/pickleball/us/fl/tallahassee/","city","pickleball courts in Tallahassee, FL","pickleball courts near Tallahassee | where to play pickleball in Tallahassee, FL | Tallahassee pickleball court list"
"/pickleball/us/fl/tallahassee/outdoor/","city_filter_outdoor","outdoor pickleball courts in Tallahassee, FL","outdoor pickleball Tallahassee | Tallahassee outdoor pickleball courts"
"/pickleball/us/fl/tallahassee/jack-l-mclean-jr-community-center/","venue","Jack L. McLean Jr. Community Center pickleball courts, Tallahassee","Jack L. McLean Jr. Community Center pickleball courts | pickleball at Jack L. McLean Jr. Community Center | Jack L. McLean Jr. Community Center court hours"
"/pickleball/us/fl/tallahassee/tom-brown-park/","venue","Tom Brown Park pickleball courts, Tallahassee","Tom Brown Park pickleball courts | pickleball at Tom Brown Park | Tom Brown Park court hours"
"/pickleball/us/fl/tallahassee/walker-ford-community-center/","venue","Walker-Ford Community Center pickleball courts, Tallahassee","Walker-Ford Community Center pickleball courts | pickleball at Walker-Ford Community Center | Walker-Ford Community Center court hours"
"/pickleball/us/fl/tallahassee/winthrop-park/","venue","Winthrop Park pickleball courts, Tallahassee","Winthrop Park pickleball courts | pickleball at Winthrop Park | Winthrop Park court hours"
"/pickleball/us/fl/tallahassee/leverne-payne-community-center/","venue","LeVerne Payne Community Center pickleball courts, Tallahassee","LeVerne Payne Community Center pickleball courts | pickleball at LeVerne Payne Community Center | LeVerne Payne Community Center court hours"
"/pickleball/us/fl/tallahassee/jake-gaither-community-center/","venue","Jake Gaither Community Center pickleball courts, Tallahassee","Jake Gaither Community Center pickleball courts | pickleball at Jake Gaither Community Center | Jake Gaither Community Center court hours"
"/pickleball/us/fl/tallahassee/lafayette-park/","venue","Lafayette Park pickleball courts, Tallahassee","Lafayette Park pickleball courts | pickleball at Lafayette Park | Lafayette Park court hours"
"/pickleball/us/ut/lehi/","city","pickleball courts in Lehi, UT","pickleball courts near Lehi | where to play pickleball in Lehi, UT | Lehi pickleball court list"
"/pickleball/us/ut/lehi/watercress-park/","venue","Watercress Park pickleball courts, Lehi","Watercress Park pickleball courts | pickleball at Watercress Park | Watercress Park court hours"
"/pickleball/us/ut/lehi/allred-park/","venue","Allred Park pickleball courts, Lehi","Allred Park pickleball courts | pickleball at Allred Park | Allred Park court hours"
"/pickleball/us/ut/lehi/holbrook-farms-park/","venue","Holbrook Farms Park pickleball courts, Lehi","Holbrook Farms Park pickleball courts | pickleball at Holbrook Farms Park | Holbrook Farms Park court hours"
"/pickleball/us/ut/lehi/olympic-park/","venue","Olympic Park pickleball courts, Lehi","Olympic Park pickleball courts | pickleball at Olympic Park | Olympic Park court hours"
"/pickleball/us/ut/lehi/centennial-park/","venue","Centennial Park pickleball courts, Lehi","Centennial Park pickleball courts | pickleball at Centennial Park | Centennial Park court hours"
"/pickleball/us/ut/lehi/stagecoach-large-park/","venue","Stagecoach Large Park pickleball courts, Lehi","Stagecoach Large Park pickleball courts | pickleball at Stagecoach Large Park | Stagecoach Large Park court hours"
"/pickleball/us/mn/saint-paul/","city","pickleball courts in Saint Paul, MN","pickleball courts near Saint Paul | where to play pickleball in Saint Paul, MN | Saint Paul pickleball court list"
"/pickleball/us/mn/saint-paul/outdoor/","city_filter_outdoor","outdoor pickleball courts in Saint Paul, MN","outdoor pickleball Saint Paul | Saint Paul outdoor pickleball courts"
"/pickleball/us/mn/saint-paul/arlington-arkwright-park/","venue","Arlington/Arkwright Park pickleball courts, Saint Paul","Arlington/Arkwright Park pickleball courts | pickleball at Arlington/Arkwright Park | Arlington/Arkwright Park court hours"
"/pickleball/us/mn/saint-paul/clayland-park/","venue","Clayland Park pickleball courts, Saint Paul","Clayland Park pickleball courts | pickleball at Clayland Park | Clayland Park court hours"
"/pickleball/us/mn/saint-paul/duluth-and-case-recreation-center/","venue","Duluth and Case Recreation Center pickleball courts, Saint Paul","Duluth and Case Recreation Center pickleball courts | pickleball at Duluth and Case Recreation Center | Duluth and Case Recreation Center court hours"
"/pickleball/us/mn/saint-paul/edgcumbe-recreation-center/","venue","Edgcumbe Recreation Center pickleball courts, Saint Paul","Edgcumbe Recreation Center pickleball courts | pickleball at Edgcumbe Recreation Center | Edgcumbe Recreation Center court hours"
"/pickleball/us/mn/saint-paul/homecroft-park/","venue","Homecroft Park pickleball courts, Saint Paul","Homecroft Park pickleball courts | pickleball at Homecroft Park | Homecroft Park court hours"
"/pickleball/us/mn/saint-paul/orchard-park/","venue","Orchard Park pickleball courts, Saint Paul","Orchard Park pickleball courts | pickleball at Orchard Park | Orchard Park court hours"
"/pickleball/us/wa/spokane/","city","pickleball courts in Spokane, WA","pickleball courts near Spokane | where to play pickleball in Spokane, WA | Spokane pickleball court list"
"/pickleball/us/wa/spokane/comstock-park/","venue","Comstock Park pickleball courts, Spokane","Comstock Park pickleball courts | pickleball at Comstock Park | Comstock Park court hours"
"/pickleball/us/wa/spokane/corbin-park/","venue","Corbin Park pickleball courts, Spokane","Corbin Park pickleball courts | pickleball at Corbin Park | Corbin Park court hours"
"/pickleball/us/wa/spokane/mission-park/","venue","Mission Park pickleball courts, Spokane","Mission Park pickleball courts | pickleball at Mission Park | Mission Park court hours"
"/pickleball/us/wa/spokane/peaceful-valley-park/","venue","Peaceful Valley Park pickleball courts, Spokane","Peaceful Valley Park pickleball courts | pickleball at Peaceful Valley Park | Peaceful Valley Park court hours"
"/pickleball/us/wa/spokane/underhill-park/","venue","Underhill Park pickleball courts, Spokane","Underhill Park pickleball courts | pickleball at Underhill Park | Underhill Park court hours"
"/pickleball/us/wa/spokane/am-cannon-park/","venue","A.M. Cannon Park pickleball courts, Spokane","A.M. Cannon Park pickleball courts | pickleball at A.M. Cannon Park | A.M. Cannon Park court hours"
"/pickleball/us/nc/apex/","city","pickleball courts in Apex, NC","pickleball courts near Apex | where to play pickleball in Apex, NC | Apex pickleball court list"
"/pickleball/us/nc/apex/outdoor/","city_filter_outdoor","outdoor pickleball courts in Apex, NC","outdoor pickleball Apex | Apex outdoor pickleball courts"
"/pickleball/us/nc/apex/lights/","city_filter_lights","pickleball courts with lights in Apex, NC","lighted pickleball courts Apex | night pickleball Apex"
"/pickleball/us/nc/apex/john-m-brown-community-center/","venue","John M. Brown Community Center pickleball courts, Apex","John M. Brown Community Center pickleball courts | pickleball at John M. Brown Community Center | John M. Brown Community Center court hours"
"/pickleball/us/nc/apex/seymour-athletic-fields/","venue","Seymour Athletic Fields pickleball courts, Apex","Seymour Athletic Fields pickleball courts | pickleball at Seymour Athletic Fields | Seymour Athletic Fields court hours"
"/pickleball/us/nc/apex/kelly-road-park/","venue","Kelly Road Park pickleball courts, Apex","Kelly Road Park pickleball courts | pickleball at Kelly Road Park | Kelly Road Park court hours"
"/pickleball/us/nc/apex/pleasant-park/","venue","Pleasant Park pickleball courts, Apex","Pleasant Park pickleball courts | pickleball at Pleasant Park | Pleasant Park court hours"
"/pickleball/us/nc/apex/apex-community-park/","venue","Apex Community Park pickleball courts, Apex","Apex Community Park pickleball courts | pickleball at Apex Community Park | Apex Community Park court hours"
"/pickleball/us/co/boulder/","city","pickleball courts in Boulder, CO","pickleball courts near Boulder | where to play pickleball in Boulder, CO | Boulder pickleball court list"
"/pickleball/us/co/boulder/indoor/","city_filter_indoor","indoor pickleball courts in Boulder, CO","indoor pickleball Boulder | Boulder indoor pickleball courts"
"/pickleball/us/co/boulder/outdoor/","city_filter_outdoor","outdoor pickleball courts in Boulder, CO","outdoor pickleball Boulder | Boulder outdoor pickleball courts"
"/pickleball/us/co/boulder/free/","city_filter_free","free pickleball courts in Boulder, CO","free pickleball Boulder | Boulder free pickleball courts"
"/pickleball/us/co/boulder/chautauqua-park/","venue","Chautauqua Park pickleball courts, Boulder","Chautauqua Park pickleball courts | pickleball at Chautauqua Park | Chautauqua Park court hours"
"/pickleball/us/co/boulder/south-boulder-recreation-center/","venue","South Boulder Recreation Center pickleball courts, Boulder","South Boulder Recreation Center pickleball courts | pickleball at South Boulder Recreation Center | South Boulder Recreation Center court hours"
"/pickleball/us/co/boulder/foothills-community-park/","venue","Foothills Community Park pickleball courts, Boulder","Foothills Community Park pickleball courts | pickleball at Foothills Community Park | Foothills Community Park court hours"
"/pickleball/us/fl/cape-coral/","city","pickleball courts in Cape Coral, FL","pickleball courts near Cape Coral | where to play pickleball in Cape Coral, FL | Cape Coral pickleball court list"
"/pickleball/us/fl/cape-coral/free/","city_filter_free","free pickleball courts in Cape Coral, FL","free pickleball Cape Coral | Cape Coral free pickleball courts"
"/pickleball/us/fl/cape-coral/lights/","city_filter_lights","pickleball courts with lights in Cape Coral, FL","lighted pickleball courts Cape Coral | night pickleball Cape Coral"
"/pickleball/us/fl/cape-coral/camelot-park/","venue","Camelot Park pickleball courts, Cape Coral","Camelot Park pickleball courts | pickleball at Camelot Park | Camelot Park court hours"
"/pickleball/us/fl/cape-coral/giuffrida-park/","venue","Giuffrida Park pickleball courts, Cape Coral","Giuffrida Park pickleball courts | pickleball at Giuffrida Park | Giuffrida Park court hours"
"/pickleball/us/fl/cape-coral/jim-jeffers-park/","venue","Jim Jeffers Park pickleball courts, Cape Coral","Jim Jeffers Park pickleball courts | pickleball at Jim Jeffers Park | Jim Jeffers Park court hours"
"/pickleball/us/fl/cape-coral/joe-stonis-park/","venue","Joe Stonis Park pickleball courts, Cape Coral","Joe Stonis Park pickleball courts | pickleball at Joe Stonis Park | Joe Stonis Park court hours"
"/pickleball/us/fl/cape-coral/sands-park/","venue","Sands Park pickleball courts, Cape Coral","Sands Park pickleball courts | pickleball at Sands Park | Sands Park court hours"
"/pickleball/us/nc/charlotte/","city","pickleball courts in Charlotte, NC","pickleball courts near Charlotte | where to play pickleball in Charlotte, NC | Charlotte pickleball court list"
"/pickleball/us/nc/charlotte/clanton-park/","venue","Clanton Park pickleball courts, Charlotte","Clanton Park pickleball courts | pickleball at Clanton Park | Clanton Park court hours"
"/pickleball/us/nc/charlotte/colonel-francis-j-beatty-park/","venue","Col. Francis J. Beatty Park pickleball courts, Charlotte","Col. Francis J. Beatty Park pickleball courts | pickleball at Col. Francis J. Beatty Park | Col. Francis J. Beatty Park court hours"
"/pickleball/us/nc/charlotte/freedom-park/","venue","Freedom Park pickleball courts, Charlotte","Freedom Park pickleball courts | pickleball at Freedom Park | Freedom Park court hours"
"/pickleball/us/nc/charlotte/martin-luther-king-jr-park/","venue","Martin Luther King Jr. Park pickleball courts, Charlotte","Martin Luther King Jr. Park pickleball courts | pickleball at Martin Luther King Jr. Park | Martin Luther King Jr. Park court hours"
"/pickleball/us/nc/charlotte/clarks-creek-park/","venue","Clarks Creek Park pickleball courts, Charlotte","Clarks Creek Park pickleball courts | pickleball at Clarks Creek Park | Clarks Creek Park court hours"
"/pickleball/us/nv/las-vegas/","city","pickleball courts in Las Vegas, NV","pickleball courts near Las Vegas | where to play pickleball in Las Vegas, NV | Las Vegas pickleball court list"
"/pickleball/us/nv/las-vegas/aloha-shores-park/","venue","Aloha Shores Park pickleball courts, Las Vegas","Aloha Shores Park pickleball courts | pickleball at Aloha Shores Park | Aloha Shores Park court hours"
"/pickleball/us/nv/las-vegas/centennial-hills-park/","venue","Centennial Hills Park pickleball courts, Las Vegas","Centennial Hills Park pickleball courts | pickleball at Centennial Hills Park | Centennial Hills Park court hours"
"/pickleball/us/nv/las-vegas/durango-hills-park/","venue","Durango Hills Park pickleball courts, Las Vegas","Durango Hills Park pickleball courts | pickleball at Durango Hills Park | Durango Hills Park court hours"
"/pickleball/us/nv/las-vegas/lorenzi-park/","venue","Lorenzi Park pickleball courts, Las Vegas","Lorenzi Park pickleball courts | pickleball at Lorenzi Park | Lorenzi Park court hours"
"/pickleball/us/nv/las-vegas/patriot-park/","venue","Patriot Community Park pickleball courts, Las Vegas","Patriot Community Park pickleball courts | pickleball at Patriot Community Park | Patriot Community Park court hours"
"/pickleball/us/ca/huntington-beach/","city","pickleball courts in Huntington Beach, CA","pickleball courts near Huntington Beach | where to play pickleball in Huntington Beach, CA | Huntington Beach pickleball court list"
"/pickleball/us/ca/huntington-beach/edison-park/","venue","Edison Park pickleball courts, Huntington Beach","Edison Park pickleball courts | pickleball at Edison Park | Edison Park court hours"
"/pickleball/us/ca/huntington-beach/worthy-park/","venue","Worthy Park pickleball courts, Huntington Beach","Worthy Park pickleball courts | pickleball at Worthy Park | Worthy Park court hours"
"/pickleball/us/ca/huntington-beach/boardwalk-park/","venue","Boardwalk Park pickleball courts, Huntington Beach","Boardwalk Park pickleball courts | pickleball at Boardwalk Park | Boardwalk Park court hours"
"/pickleball/us/ca/huntington-beach/marina-park/","venue","Marina Park pickleball courts, Huntington Beach","Marina Park pickleball courts | pickleball at Marina Park | Marina Park court hours"
"/pickleball/us/sc/mount-pleasant/","city","pickleball courts in Mount Pleasant, SC","pickleball courts near Mount Pleasant | where to play pickleball in Mount Pleasant, SC | Mount Pleasant pickleball court list"
"/pickleball/us/sc/mount-pleasant/indoor/","city_filter_indoor","indoor pickleball courts in Mount Pleasant, SC","indoor pickleball Mount Pleasant | Mount Pleasant indoor pickleball courts"
"/pickleball/us/sc/mount-pleasant/free/","city_filter_free","free pickleball courts in Mount Pleasant, SC","free pickleball Mount Pleasant | Mount Pleasant free pickleball courts"
"/pickleball/us/sc/mount-pleasant/miriam-brown-community-center/","venue","Miriam Brown Community Center pickleball courts, Mount Pleasant","Miriam Brown Community Center pickleball courts | pickleball at Miriam Brown Community Center | Miriam Brown Community Center court hours"
"/pickleball/us/sc/mount-pleasant/senior-center/","venue","Mount Pleasant Senior Center pickleball courts, Mount Pleasant","Mount Pleasant Senior Center pickleball courts | pickleball at Mount Pleasant Senior Center | Mount Pleasant Senior Center court hours"
"/pickleball/us/sc/mount-pleasant/park-west/","venue","Park West pickleball courts, Mount Pleasant","Park West pickleball courts | pickleball at Park West | Park West court hours"
"/pickleball/us/sc/mount-pleasant/deb-gym-at-town-hall/","venue","The Deb Gym at Town Hall pickleball courts, Mount Pleasant","The Deb Gym at Town Hall pickleball courts | pickleball at The Deb Gym at Town Hall | The Deb Gym at Town Hall court hours"
"/pickleball/us/az/scottsdale/","city","pickleball courts in Scottsdale, AZ","pickleball courts near Scottsdale | where to play pickleball in Scottsdale, AZ | Scottsdale pickleball court list"
"/pickleball/us/az/scottsdale/outdoor/","city_filter_outdoor","outdoor pickleball courts in Scottsdale, AZ","outdoor pickleball Scottsdale | Scottsdale outdoor pickleball courts"
"/pickleball/us/az/scottsdale/free/","city_filter_free","free pickleball courts in Scottsdale, AZ","free pickleball Scottsdale | Scottsdale free pickleball courts"
"/pickleball/us/az/scottsdale/lights/","city_filter_lights","pickleball courts with lights in Scottsdale, AZ","lighted pickleball courts Scottsdale | night pickleball Scottsdale"
"/pickleball/us/az/scottsdale/ashler-hills-park/","venue","Ashler Hills Park pickleball courts, Scottsdale","Ashler Hills Park pickleball courts | pickleball at Ashler Hills Park | Ashler Hills Park court hours"
"/pickleball/us/az/scottsdale/cholla-park/","venue","Cholla Park pickleball courts, Scottsdale","Cholla Park pickleball courts | pickleball at Cholla Park | Cholla Park court hours"
"/pickleball/us/az/scottsdale/horizon-park/","venue","Horizon Park pickleball courts, Scottsdale","Horizon Park pickleball courts | pickleball at Horizon Park | Horizon Park court hours"
"/pickleball/us/az/scottsdale/thompson-peak-park/","venue","Thompson Peak Park pickleball courts, Scottsdale","Thompson Peak Park pickleball courts | pickleball at Thompson Peak Park | Thompson Peak Park court hours"
"/pickleball/us/nc/cary/","city","pickleball courts in Cary, NC","pickleball courts near Cary | where to play pickleball in Cary, NC | Cary pickleball court list"
"/pickleball/us/nc/cary/outdoor/","city_filter_outdoor","outdoor pickleball courts in Cary, NC","outdoor pickleball Cary | Cary outdoor pickleball courts"
"/pickleball/us/nc/cary/carpenter-park/","venue","Carpenter Park pickleball courts, Cary","Carpenter Park pickleball courts | pickleball at Carpenter Park | Carpenter Park court hours"
"/pickleball/us/nc/cary/ed-yerha-park/","venue","Ed Yerha Park pickleball courts, Cary","Ed Yerha Park pickleball courts | pickleball at Ed Yerha Park | Ed Yerha Park court hours"
"/pickleball/us/nc/cary/mccrimmon-park/","venue","McCrimmon Park pickleball courts, Cary","McCrimmon Park pickleball courts | pickleball at McCrimmon Park | McCrimmon Park court hours"
"/pickleball/us/ca/irvine/","city","pickleball courts in Irvine, CA","pickleball courts near Irvine | where to play pickleball in Irvine, CA | Irvine pickleball court list"
"/pickleball/us/ca/irvine/lights/","city_filter_lights","pickleball courts with lights in Irvine, CA","lighted pickleball courts Irvine | night pickleball Irvine"
"/pickleball/us/ca/irvine/heritage-community-park/","venue","Heritage Community Park pickleball courts, Irvine","Heritage Community Park pickleball courts | pickleball at Heritage Community Park | Heritage Community Park court hours"
"/pickleball/us/ca/irvine/mike-ward-community-park/","venue","Mike Ward Community Park pickleball courts, Irvine","Mike Ward Community Park pickleball courts | pickleball at Mike Ward Community Park | Mike Ward Community Park court hours"
"/pickleball/us/wa/kirkland/","city","pickleball courts in Kirkland, WA","pickleball courts near Kirkland | where to play pickleball in Kirkland, WA | Kirkland pickleball court list"
"/pickleball/us/wa/kirkland/everest-park/","venue","Everest Park pickleball courts, Kirkland","Everest Park pickleball courts | pickleball at Everest Park | Everest Park court hours"
"/pickleball/us/wa/kirkland/feriton-spur-park/","venue","Feriton Spur Park pickleball courts, Kirkland","Feriton Spur Park pickleball courts | pickleball at Feriton Spur Park | Feriton Spur Park court hours"
"/pickleball/us/wa/kirkland/peter-kirk-park/","venue","Peter Kirk Park pickleball courts, Kirkland","Peter Kirk Park pickleball courts | pickleball at Peter Kirk Park | Peter Kirk Park court hours"
"/pickleball/us/ne/lincoln/","city","pickleball courts in Lincoln, NE","pickleball courts near Lincoln | where to play pickleball in Lincoln, NE | Lincoln pickleball court list"
"/pickleball/us/ne/lincoln/outdoor/","city_filter_outdoor","outdoor pickleball courts in Lincoln, NE","outdoor pickleball Lincoln | Lincoln outdoor pickleball courts"
"/pickleball/us/ne/lincoln/ballard-park/","venue","Ballard Park pickleball courts, Lincoln","Ballard Park pickleball courts | pickleball at Ballard Park | Ballard Park court hours"
"/pickleball/us/ne/lincoln/peterson-park/","venue","Peterson (Erwin) Park pickleball courts, Lincoln","Peterson (Erwin) Park pickleball courts | pickleball at Peterson (Erwin) Park | Peterson (Erwin) Park court hours"
"/pickleball/us/ne/lincoln/densmore-park/","venue","Densmore Park pickleball courts, Lincoln","Densmore Park pickleball courts | pickleball at Densmore Park | Densmore Park court hours"
"/pickleball/us/az/mesa/","city","pickleball courts in Mesa, AZ","pickleball courts near Mesa | where to play pickleball in Mesa, AZ | Mesa pickleball court list"
"/pickleball/us/az/mesa/kleinman-park/","venue","Kleinman Park pickleball courts, Mesa","Kleinman Park pickleball courts | pickleball at Kleinman Park | Kleinman Park court hours"
"/pickleball/us/az/mesa/tennis-center-at-gene-autry-park/","venue","Mesa Tennis & Pickleball Center pickleball courts, Mesa","Mesa Tennis & Pickleball Center pickleball courts | pickleball at Mesa Tennis & Pickleball Center | Mesa Tennis & Pickleball Center court hours"
"/pickleball/us/az/mesa/chaparral-park/","venue","Chaparral Park pickleball courts, Mesa","Chaparral Park pickleball courts | pickleball at Chaparral Park | Chaparral Park court hours"
"/pickleball/us/il/naperville/","city","pickleball courts in Naperville, IL","pickleball courts near Naperville | where to play pickleball in Naperville, IL | Naperville pickleball court list"
"/pickleball/us/il/naperville/outdoor/","city_filter_outdoor","outdoor pickleball courts in Naperville, IL","outdoor pickleball Naperville | Naperville outdoor pickleball courts"
"/pickleball/us/il/naperville/nike-sports-complex/","venue","Nike Sports Complex pickleball courts, Naperville","Nike Sports Complex pickleball courts | pickleball at Nike Sports Complex | Nike Sports Complex court hours"
"/pickleball/us/il/naperville/ranchview-park/","venue","Ranchview Park pickleball courts, Naperville","Ranchview Park pickleball courts | pickleball at Ranchview Park | Ranchview Park court hours"
"/pickleball/us/il/naperville/ashbury-park/","venue","Ashbury Park pickleball courts, Naperville","Ashbury Park pickleball courts | pickleball at Ashbury Park | Ashbury Park court hours"
"/pickleball/us/ut/orem/","city","pickleball courts in Orem, UT","pickleball courts near Orem | where to play pickleball in Orem, UT | Orem pickleball court list"
"/pickleball/us/ut/orem/bonneville-park/","venue","Bonneville Park pickleball courts, Orem","Bonneville Park pickleball courts | pickleball at Bonneville Park | Bonneville Park court hours"
"/pickleball/us/ut/orem/sharon-park/","venue","Sharon Park pickleball courts, Orem","Sharon Park pickleball courts | pickleball at Sharon Park | Sharon Park court hours"
"/pickleball/us/ut/orem/hillcrest-park/","venue","Hillcrest Park pickleball courts, Orem","Hillcrest Park pickleball courts | pickleball at Hillcrest Park | Hillcrest Park court hours"
"/pickleball/us/ut/st-george/","city","pickleball courts in St. George, UT","pickleball courts near St. George | where to play pickleball in St. George, UT | St. George pickleball court list"
"/pickleball/us/wa/vancouver/","city","pickleball courts in Vancouver, WA","pickleball courts near Vancouver | where to play pickleball in Vancouver, WA | Vancouver pickleball court list"
"/pickleball/us/wa/vancouver/firstenburg-community-center/","venue","Firstenburg Community Center pickleball courts, Vancouver","Firstenburg Community Center pickleball courts | pickleball at Firstenburg Community Center | Firstenburg Community Center court hours"
"/pickleball/us/wa/vancouver/oakbrook-community-park/","venue","Oakbrook Community Park pickleball courts, Vancouver","Oakbrook Community Park pickleball courts | pickleball at Oakbrook Community Park | Oakbrook Community Park court hours"
"/pickleball/us/wa/vancouver/marshall-community-center/","venue","Marshall Community Center pickleball courts, Vancouver","Marshall Community Center pickleball courts | pickleball at Marshall Community Center | Marshall Community Center court hours"
"/","editorial","pickleball courts near me","pickleball courts | find pickleball courts | pickleball court finder"
"/how-to-play-pickleball/","editorial","how to play pickleball","pickleball rules | what is pickleball | pickleball for beginners | pickleball tips"
"/search/","editorial","",""
"/about/","editorial","",""
"/how-we-verify/","editorial","",""
"/add-your-court/","editorial","",""
