venue_slug,field,value,source_url,date_checked,verified_by,source_tier,evidence
bitter-lake-playfield,name,Bitter Lake Playfield,https://services.arcgis.com/ZOyb2t4B0UYuYNYH/arcgis/rest/services/Pickleball_Courts/FeatureServer/0,2026-09-03,municipal_source,2,"Pickleball Courts layer PARKNAME=""Bitter Lake Playfield"""
bitter-lake-playfield,total_courts,8,https://services.arcgis.com/ZOyb2t4B0UYuYNYH/arcgis/rest/services/Pickleball_Courts/FeatureServer/0,2026-09-03,municipal_source,2,"Pickleball Courts layer, PARKNAME=""Bitter Lake Playfield"": NUMBEROFCOURTS=""8"", INDOOROUTDOOR=""Outdoor"", LIGHTED=""Yes"", NETS=""Yes"""
bitter-lake-playfield,indoor_courts,0,https://services.arcgis.com/ZOyb2t4B0UYuYNYH/arcgis/rest/services/Pickleball_Courts/FeatureServer/0,2026-09-03,municipal_source,2,"Pickleball Courts layer, PARKNAME=""Bitter Lake Playfield"": NUMBEROFCOURTS=""8"", INDOOROUTDOOR=""Outdoor"", LIGHTED=""Yes"", NETS=""Yes"""
bitter-lake-playfield,outdoor_courts,8,https://services.arcgis.com/ZOyb2t4B0UYuYNYH/arcgis/rest/services/Pickleball_Courts/FeatureServer/0,2026-09-03,municipal_source,2,"Pickleball Courts layer, PARKNAME=""Bitter Lake Playfield"": NUMBEROFCOURTS=""8"", INDOOROUTDOOR=""Outdoor"", LIGHTED=""Yes"", NETS=""Yes"""
bitter-lake-playfield,light,true,https://services.arcgis.com/ZOyb2t4B0UYuYNYH/arcgis/rest/services/Pickleball_Courts/FeatureServer/0,2026-09-03,municipal_source,2,"Pickleball Courts layer, PARKNAME=""Bitter Lake Playfield"": NUMBEROFCOURTS=""8"", INDOOROUTDOOR=""Outdoor"", LIGHTED=""Yes"", NETS=""Yes"""
bitter-lake-playfield,nets_provided,true,https://services.arcgis.com/ZOyb2t4B0UYuYNYH/arcgis/rest/services/Pickleball_Courts/FeatureServer/0,2026-09-03,municipal_source,2,"Pickleball Courts layer, PARKNAME=""Bitter Lake Playfield"": NUMBEROFCOURTS=""8"", INDOOROUTDOOR=""Outdoor"", LIGHTED=""Yes"", NETS=""Yes"""
bitter-lake-playfield,restroom,true,https://services.arcgis.com/ZOyb2t4B0UYuYNYH/arcgis/rest/services/Pickleball_Courts/FeatureServer/0,2026-09-03,municipal_source,2,"NEARBYRESTROOM=""Seasonal"""
bitter-lake-playfield,parking,Dedicated,https://services.arcgis.com/ZOyb2t4B0UYuYNYH/arcgis/rest/services/Pickleball_Courts/FeatureServer/0,2026-09-03,municipal_source,2,"PARKING=""Dedicated"""
bitter-lake-playfield,venue_type,public_park,https://services.arcgis.com/ZOyb2t4B0UYuYNYH/arcgis/rest/services/Pickleball_Courts/FeatureServer/0,2026-09-03,municipal_source,2,"Published by Seattle Parks and Recreation as a park facility; Parks record OWNER=""DPR"""
bitter-lake-playfield,street_address,13035 Linden Ave N,https://services.arcgis.com/ZOyb2t4B0UYuYNYH/arcgis/rest/services/Park_Boundary_(details)/FeatureServer/2,2026-09-03,municipal_source,2,"Parks layer PMA=288, NAME=""BITTER LAKE PLAYFIELD"", ADDRESS=""13035 Linden Ave N"""
bitter-lake-playfield,county,King,https://services.arcgis.com/ZOyb2t4B0UYuYNYH/arcgis/rest/services/Park_Boundary_(details)/FeatureServer/2,2026-09-03,municipal_source,2,"Parks layer PMA=288 is City of Seattle parks property (OWNER=""DPR""); the City of Seattle lies wholly within King County"
delridge-playfield,name,Delridge Playfield,https://services.arcgis.com/ZOyb2t4B0UYuYNYH/arcgis/rest/services/Pickleball_Courts/FeatureServer/0,2026-09-03,municipal_source,2,"Pickleball Courts layer PARKNAME=""Delridge Playfield"""
delridge-playfield,total_courts,4,https://services.arcgis.com/ZOyb2t4B0UYuYNYH/arcgis/rest/services/Pickleball_Courts/FeatureServer/0,2026-09-03,municipal_source,2,"Pickleball Courts layer, PARKNAME=""Delridge Playfield"": NUMBEROFCOURTS=""4"", INDOOROUTDOOR=""Outdoor"", LIGHTED=""No"", NETS=""Yes"""
delridge-playfield,indoor_courts,0,https://services.arcgis.com/ZOyb2t4B0UYuYNYH/arcgis/rest/services/Pickleball_Courts/FeatureServer/0,2026-09-03,municipal_source,2,"Pickleball Courts layer, PARKNAME=""Delridge Playfield"": NUMBEROFCOURTS=""4"", INDOOROUTDOOR=""Outdoor"", LIGHTED=""No"", NETS=""Yes"""
delridge-playfield,outdoor_courts,4,https://services.arcgis.com/ZOyb2t4B0UYuYNYH/arcgis/rest/services/Pickleball_Courts/FeatureServer/0,2026-09-03,municipal_source,2,"Pickleball Courts layer, PARKNAME=""Delridge Playfield"": NUMBEROFCOURTS=""4"", INDOOROUTDOOR=""Outdoor"", LIGHTED=""No"", NETS=""Yes"""
delridge-playfield,light,false,https://services.arcgis.com/ZOyb2t4B0UYuYNYH/arcgis/rest/services/Pickleball_Courts/FeatureServer/0,2026-09-03,municipal_source,2,"Pickleball Courts layer, PARKNAME=""Delridge Playfield"": NUMBEROFCOURTS=""4"", INDOOROUTDOOR=""Outdoor"", LIGHTED=""No"", NETS=""Yes"""
delridge-playfield,nets_provided,true,https://services.arcgis.com/ZOyb2t4B0UYuYNYH/arcgis/rest/services/Pickleball_Courts/FeatureServer/0,2026-09-03,municipal_source,2,"Pickleball Courts layer, PARKNAME=""Delridge Playfield"": NUMBEROFCOURTS=""4"", INDOOROUTDOOR=""Outdoor"", LIGHTED=""No"", NETS=""Yes"""
delridge-playfield,restroom,true,https://services.arcgis.com/ZOyb2t4B0UYuYNYH/arcgis/rest/services/Pickleball_Courts/FeatureServer/0,2026-09-03,municipal_source,2,"NEARBYRESTROOM=""Seasonal"""
delridge-playfield,parking,Dedicated,https://services.arcgis.com/ZOyb2t4B0UYuYNYH/arcgis/rest/services/Pickleball_Courts/FeatureServer/0,2026-09-03,municipal_source,2,"PARKING=""Dedicated"""
delridge-playfield,venue_type,public_park,https://services.arcgis.com/ZOyb2t4B0UYuYNYH/arcgis/rest/services/Pickleball_Courts/FeatureServer/0,2026-09-03,municipal_source,2,"Published by Seattle Parks and Recreation as a park facility; Parks record OWNER=""DPR"""
delridge-playfield,street_address,4458 Delridge Way SW,https://services.arcgis.com/ZOyb2t4B0UYuYNYH/arcgis/rest/services/Park_Boundary_(details)/FeatureServer/2,2026-09-03,municipal_source,2,"Parks layer PMA=450, NAME=""DELRIDGE PLAYFIELD"", ADDRESS=""4458 Delridge Way SW"""
delridge-playfield,county,King,https://services.arcgis.com/ZOyb2t4B0UYuYNYH/arcgis/rest/services/Park_Boundary_(details)/FeatureServer/2,2026-09-03,municipal_source,2,"Parks layer PMA=450 is City of Seattle parks property (OWNER=""DPR""); the City of Seattle lies wholly within King County"
green-lake-park-east-courts,name,Green Lake Park (East Courts),https://services.arcgis.com/ZOyb2t4B0UYuYNYH/arcgis/rest/services/Pickleball_Courts/FeatureServer/0,2026-09-03,municipal_source,2,"Pickleball Courts layer PARKNAME=""Green Lake Park (East Courts)"""
green-lake-park-east-courts,total_courts,8,https://services.arcgis.com/ZOyb2t4B0UYuYNYH/arcgis/rest/services/Pickleball_Courts/FeatureServer/0,2026-09-03,municipal_source,2,"Pickleball Courts layer, PARKNAME=""Green Lake Park (East Courts)"": NUMBEROFCOURTS=""8"", INDOOROUTDOOR=""Outdoor"", LIGHTED=""No"", NETS=""Yes"""
green-lake-park-east-courts,indoor_courts,0,https://services.arcgis.com/ZOyb2t4B0UYuYNYH/arcgis/rest/services/Pickleball_Courts/FeatureServer/0,2026-09-03,municipal_source,2,"Pickleball Courts layer, PARKNAME=""Green Lake Park (East Courts)"": NUMBEROFCOURTS=""8"", INDOOROUTDOOR=""Outdoor"", LIGHTED=""No"", NETS=""Yes"""
green-lake-park-east-courts,outdoor_courts,8,https://services.arcgis.com/ZOyb2t4B0UYuYNYH/arcgis/rest/services/Pickleball_Courts/FeatureServer/0,2026-09-03,municipal_source,2,"Pickleball Courts layer, PARKNAME=""Green Lake Park (East Courts)"": NUMBEROFCOURTS=""8"", INDOOROUTDOOR=""Outdoor"", LIGHTED=""No"", NETS=""Yes"""
green-lake-park-east-courts,light,false,https://services.arcgis.com/ZOyb2t4B0UYuYNYH/arcgis/rest/services/Pickleball_Courts/FeatureServer/0,2026-09-03,municipal_source,2,"Pickleball Courts layer, PARKNAME=""Green Lake Park (East Courts)"": NUMBEROFCOURTS=""8"", INDOOROUTDOOR=""Outdoor"", LIGHTED=""No"", NETS=""Yes"""
green-lake-park-east-courts,nets_provided,true,https://services.arcgis.com/ZOyb2t4B0UYuYNYH/arcgis/rest/services/Pickleball_Courts/FeatureServer/0,2026-09-03,municipal_source,2,"Pickleball Courts layer, PARKNAME=""Green Lake Park (East Courts)"": NUMBEROFCOURTS=""8"", INDOOROUTDOOR=""Outdoor"", LIGHTED=""No"", NETS=""Yes"""
green-lake-park-east-courts,restroom,true,https://services.arcgis.com/ZOyb2t4B0UYuYNYH/arcgis/rest/services/Pickleball_Courts/FeatureServer/0,2026-09-03,municipal_source,2,"NEARBYRESTROOM=""All Year"""
green-lake-park-east-courts,parking,Dedicated,https://services.arcgis.com/ZOyb2t4B0UYuYNYH/arcgis/rest/services/Pickleball_Courts/FeatureServer/0,2026-09-03,municipal_source,2,"PARKING=""Dedicated"""
green-lake-park-east-courts,venue_type,public_park,https://services.arcgis.com/ZOyb2t4B0UYuYNYH/arcgis/rest/services/Pickleball_Courts/FeatureServer/0,2026-09-03,municipal_source,2,"Published by Seattle Parks and Recreation as a park facility; Parks record OWNER=""DPR"""
green-lake-park-east-courts,street_address,7201 E Green Lake Dr N,https://services.arcgis.com/ZOyb2t4B0UYuYNYH/arcgis/rest/services/Park_Boundary_(details)/FeatureServer/2,2026-09-03,municipal_source,2,"Parks layer PMA=307, NAME=""GREEN LAKE PARK"", ADDRESS=""7201 E Green Lake Dr N"""
green-lake-park-east-courts,county,King,https://services.arcgis.com/ZOyb2t4B0UYuYNYH/arcgis/rest/services/Park_Boundary_(details)/FeatureServer/2,2026-09-03,municipal_source,2,"Parks layer PMA=307 is City of Seattle parks property (OWNER=""DPR""); the City of Seattle lies wholly within King County"
alki-playground,name,Alki Playground,https://services.arcgis.com/ZOyb2t4B0UYuYNYH/arcgis/rest/services/Pickleball_Courts/FeatureServer/0,2026-09-03,municipal_source,2,"Pickleball Courts layer PARKNAME=""Alki Playground"""
alki-playground,total_courts,4,https://services.arcgis.com/ZOyb2t4B0UYuYNYH/arcgis/rest/services/Pickleball_Courts/FeatureServer/0,2026-09-03,municipal_source,2,"Pickleball Courts layer, PARKNAME=""Alki Playground"": NUMBEROFCOURTS=""4"", INDOOROUTDOOR=""Outdoor"", LIGHTED=""Yes"", NETS=""Yes"""
alki-playground,indoor_courts,0,https://services.arcgis.com/ZOyb2t4B0UYuYNYH/arcgis/rest/services/Pickleball_Courts/FeatureServer/0,2026-09-03,municipal_source,2,"Pickleball Courts layer, PARKNAME=""Alki Playground"": NUMBEROFCOURTS=""4"", INDOOROUTDOOR=""Outdoor"", LIGHTED=""Yes"", NETS=""Yes"""
alki-playground,outdoor_courts,4,https://services.arcgis.com/ZOyb2t4B0UYuYNYH/arcgis/rest/services/Pickleball_Courts/FeatureServer/0,2026-09-03,municipal_source,2,"Pickleball Courts layer, PARKNAME=""Alki Playground"": NUMBEROFCOURTS=""4"", INDOOROUTDOOR=""Outdoor"", LIGHTED=""Yes"", NETS=""Yes"""
alki-playground,light,true,https://services.arcgis.com/ZOyb2t4B0UYuYNYH/arcgis/rest/services/Pickleball_Courts/FeatureServer/0,2026-09-03,municipal_source,2,"Pickleball Courts layer, PARKNAME=""Alki Playground"": NUMBEROFCOURTS=""4"", INDOOROUTDOOR=""Outdoor"", LIGHTED=""Yes"", NETS=""Yes"""
alki-playground,nets_provided,true,https://services.arcgis.com/ZOyb2t4B0UYuYNYH/arcgis/rest/services/Pickleball_Courts/FeatureServer/0,2026-09-03,municipal_source,2,"Pickleball Courts layer, PARKNAME=""Alki Playground"": NUMBEROFCOURTS=""4"", INDOOROUTDOOR=""Outdoor"", LIGHTED=""Yes"", NETS=""Yes"""
alki-playground,restroom,true,https://services.arcgis.com/ZOyb2t4B0UYuYNYH/arcgis/rest/services/Pickleball_Courts/FeatureServer/0,2026-09-03,municipal_source,2,"NEARBYRESTROOM=""Seasonal"""
alki-playground,parking,Street,https://services.arcgis.com/ZOyb2t4B0UYuYNYH/arcgis/rest/services/Pickleball_Courts/FeatureServer/0,2026-09-03,municipal_source,2,"PARKING=""Street"""
alki-playground,venue_type,public_park,https://services.arcgis.com/ZOyb2t4B0UYuYNYH/arcgis/rest/services/Pickleball_Courts/FeatureServer/0,2026-09-03,municipal_source,2,"Published by Seattle Parks and Recreation as a park facility; Parks record OWNER=""DPR"""
alki-playground,street_address,5817 SW Lander St,https://services.arcgis.com/ZOyb2t4B0UYuYNYH/arcgis/rest/services/Park_Boundary_(details)/FeatureServer/2,2026-09-03,municipal_source,2,"Parks layer PMA=446, NAME=""ALKI PLAYGROUND"", ADDRESS=""5817 SW Lander St"""
alki-playground,county,King,https://services.arcgis.com/ZOyb2t4B0UYuYNYH/arcgis/rest/services/Park_Boundary_(details)/FeatureServer/2,2026-09-03,municipal_source,2,"Parks layer PMA=446 is City of Seattle parks property (OWNER=""DPR""); the City of Seattle lies wholly within King County"
beacon-hill-park,name,Beacon Hill Park,https://services.arcgis.com/ZOyb2t4B0UYuYNYH/arcgis/rest/services/Pickleball_Courts/FeatureServer/0,2026-09-03,municipal_source,2,"Pickleball Courts layer PARKNAME=""Beacon Hill Park"""
beacon-hill-park,total_courts,4,https://services.arcgis.com/ZOyb2t4B0UYuYNYH/arcgis/rest/services/Pickleball_Courts/FeatureServer/0,2026-09-03,municipal_source,2,"Pickleball Courts layer, PARKNAME=""Beacon Hill Park"": NUMBEROFCOURTS=""4"", INDOOROUTDOOR=""Outdoor"", LIGHTED=""No"", NETS=""Yes"""
beacon-hill-park,indoor_courts,0,https://services.arcgis.com/ZOyb2t4B0UYuYNYH/arcgis/rest/services/Pickleball_Courts/FeatureServer/0,2026-09-03,municipal_source,2,"Pickleball Courts layer, PARKNAME=""Beacon Hill Park"": NUMBEROFCOURTS=""4"", INDOOROUTDOOR=""Outdoor"", LIGHTED=""No"", NETS=""Yes"""
beacon-hill-park,outdoor_courts,4,https://services.arcgis.com/ZOyb2t4B0UYuYNYH/arcgis/rest/services/Pickleball_Courts/FeatureServer/0,2026-09-03,municipal_source,2,"Pickleball Courts layer, PARKNAME=""Beacon Hill Park"": NUMBEROFCOURTS=""4"", INDOOROUTDOOR=""Outdoor"", LIGHTED=""No"", NETS=""Yes"""
beacon-hill-park,light,false,https://services.arcgis.com/ZOyb2t4B0UYuYNYH/arcgis/rest/services/Pickleball_Courts/FeatureServer/0,2026-09-03,municipal_source,2,"Pickleball Courts layer, PARKNAME=""Beacon Hill Park"": NUMBEROFCOURTS=""4"", INDOOROUTDOOR=""Outdoor"", LIGHTED=""No"", NETS=""Yes"""
beacon-hill-park,nets_provided,true,https://services.arcgis.com/ZOyb2t4B0UYuYNYH/arcgis/rest/services/Pickleball_Courts/FeatureServer/0,2026-09-03,municipal_source,2,"Pickleball Courts layer, PARKNAME=""Beacon Hill Park"": NUMBEROFCOURTS=""4"", INDOOROUTDOOR=""Outdoor"", LIGHTED=""No"", NETS=""Yes"""
beacon-hill-park,restroom,true,https://services.arcgis.com/ZOyb2t4B0UYuYNYH/arcgis/rest/services/Pickleball_Courts/FeatureServer/0,2026-09-03,municipal_source,2,"NEARBYRESTROOM=""Seasonal"""
beacon-hill-park,parking,Street,https://services.arcgis.com/ZOyb2t4B0UYuYNYH/arcgis/rest/services/Pickleball_Courts/FeatureServer/0,2026-09-03,municipal_source,2,"PARKING=""Street"""
beacon-hill-park,venue_type,public_park,https://services.arcgis.com/ZOyb2t4B0UYuYNYH/arcgis/rest/services/Pickleball_Courts/FeatureServer/0,2026-09-03,municipal_source,2,"Published by Seattle Parks and Recreation as a park facility; Parks record OWNER=""DPR"""
beacon-hill-park,street_address,1902 13th Ave S,https://services.arcgis.com/ZOyb2t4B0UYuYNYH/arcgis/rest/services/Park_Boundary_(details)/FeatureServer/2,2026-09-03,municipal_source,2,"Parks layer PMA=400, NAME=""BEACON HILL PLAYGROUND"", ADDRESS=""1902 13th Ave S"""
beacon-hill-park,county,King,https://services.arcgis.com/ZOyb2t4B0UYuYNYH/arcgis/rest/services/Park_Boundary_(details)/FeatureServer/2,2026-09-03,municipal_source,2,"Parks layer PMA=400 is City of Seattle parks property (OWNER=""DPR""); the City of Seattle lies wholly within King County"
brighton-playfield,name,Brighton Playfield,https://services.arcgis.com/ZOyb2t4B0UYuYNYH/arcgis/rest/services/Pickleball_Courts/FeatureServer/0,2026-09-03,municipal_source,2,"Pickleball Courts layer PARKNAME=""Brighton Playfield"""
brighton-playfield,total_courts,4,https://services.arcgis.com/ZOyb2t4B0UYuYNYH/arcgis/rest/services/Pickleball_Courts/FeatureServer/0,2026-09-03,municipal_source,2,"Pickleball Courts layer, PARKNAME=""Brighton Playfield"": NUMBEROFCOURTS=""4"", INDOOROUTDOOR=""Outdoor"", LIGHTED=""No"", NETS=""Yes"""
brighton-playfield,indoor_courts,0,https://services.arcgis.com/ZOyb2t4B0UYuYNYH/arcgis/rest/services/Pickleball_Courts/FeatureServer/0,2026-09-03,municipal_source,2,"Pickleball Courts layer, PARKNAME=""Brighton Playfield"": NUMBEROFCOURTS=""4"", INDOOROUTDOOR=""Outdoor"", LIGHTED=""No"", NETS=""Yes"""
brighton-playfield,outdoor_courts,4,https://services.arcgis.com/ZOyb2t4B0UYuYNYH/arcgis/rest/services/Pickleball_Courts/FeatureServer/0,2026-09-03,municipal_source,2,"Pickleball Courts layer, PARKNAME=""Brighton Playfield"": NUMBEROFCOURTS=""4"", INDOOROUTDOOR=""Outdoor"", LIGHTED=""No"", NETS=""Yes"""
brighton-playfield,light,false,https://services.arcgis.com/ZOyb2t4B0UYuYNYH/arcgis/rest/services/Pickleball_Courts/FeatureServer/0,2026-09-03,municipal_source,2,"Pickleball Courts layer, PARKNAME=""Brighton Playfield"": NUMBEROFCOURTS=""4"", INDOOROUTDOOR=""Outdoor"", LIGHTED=""No"", NETS=""Yes"""
brighton-playfield,nets_provided,true,https://services.arcgis.com/ZOyb2t4B0UYuYNYH/arcgis/rest/services/Pickleball_Courts/FeatureServer/0,2026-09-03,municipal_source,2,"Pickleball Courts layer, PARKNAME=""Brighton Playfield"": NUMBEROFCOURTS=""4"", INDOOROUTDOOR=""Outdoor"", LIGHTED=""No"", NETS=""Yes"""
brighton-playfield,restroom,true,https://services.arcgis.com/ZOyb2t4B0UYuYNYH/arcgis/rest/services/Pickleball_Courts/FeatureServer/0,2026-09-03,municipal_source,2,"NEARBYRESTROOM=""All Year"""
brighton-playfield,parking,Street,https://services.arcgis.com/ZOyb2t4B0UYuYNYH/arcgis/rest/services/Pickleball_Courts/FeatureServer/0,2026-09-03,municipal_source,2,"PARKING=""Street"""
brighton-playfield,venue_type,public_park,https://services.arcgis.com/ZOyb2t4B0UYuYNYH/arcgis/rest/services/Pickleball_Courts/FeatureServer/0,2026-09-03,municipal_source,2,"Published by Seattle Parks and Recreation as a park facility; Parks record OWNER=""DPR"""
brighton-playfield,street_address,6000 39th Ave S,https://services.arcgis.com/ZOyb2t4B0UYuYNYH/arcgis/rest/services/Park_Boundary_(details)/FeatureServer/2,2026-09-03,municipal_source,2,"Parks layer PMA=402, NAME=""BRIGHTON PLAYFIELD"", ADDRESS=""6000 39th Ave S"""
brighton-playfield,county,King,https://services.arcgis.com/ZOyb2t4B0UYuYNYH/arcgis/rest/services/Park_Boundary_(details)/FeatureServer/2,2026-09-03,municipal_source,2,"Parks layer PMA=402 is City of Seattle parks property (OWNER=""DPR""); the City of Seattle lies wholly within King County"
dearborn-park,name,Dearborn Park,https://services.arcgis.com/ZOyb2t4B0UYuYNYH/arcgis/rest/services/Pickleball_Courts/FeatureServer/0,2026-09-03,municipal_source,2,"Pickleball Courts layer PARKNAME=""Dearborn Park"""
dearborn-park,total_courts,4,https://services.arcgis.com/ZOyb2t4B0UYuYNYH/arcgis/rest/services/Pickleball_Courts/FeatureServer/0,2026-09-03,municipal_source,2,"Pickleball Courts layer, PARKNAME=""Dearborn Park"": NUMBEROFCOURTS=""4"", INDOOROUTDOOR=""Outdoor"", LIGHTED=""No"", NETS=""-"""
dearborn-park,indoor_courts,0,https://services.arcgis.com/ZOyb2t4B0UYuYNYH/arcgis/rest/services/Pickleball_Courts/FeatureServer/0,2026-09-03,municipal_source,2,"Pickleball Courts layer, PARKNAME=""Dearborn Park"": NUMBEROFCOURTS=""4"", INDOOROUTDOOR=""Outdoor"", LIGHTED=""No"", NETS=""-"""
dearborn-park,outdoor_courts,4,https://services.arcgis.com/ZOyb2t4B0UYuYNYH/arcgis/rest/services/Pickleball_Courts/FeatureServer/0,2026-09-03,municipal_source,2,"Pickleball Courts layer, PARKNAME=""Dearborn Park"": NUMBEROFCOURTS=""4"", INDOOROUTDOOR=""Outdoor"", LIGHTED=""No"", NETS=""-"""
dearborn-park,light,false,https://services.arcgis.com/ZOyb2t4B0UYuYNYH/arcgis/rest/services/Pickleball_Courts/FeatureServer/0,2026-09-03,municipal_source,2,"Pickleball Courts layer, PARKNAME=""Dearborn Park"": NUMBEROFCOURTS=""4"", INDOOROUTDOOR=""Outdoor"", LIGHTED=""No"", NETS=""-"""
dearborn-park,nets_provided,,https://services.arcgis.com/ZOyb2t4B0UYuYNYH/arcgis/rest/services/Pickleball_Courts/FeatureServer/0,2026-09-03,municipal_source,2,"Pickleball Courts layer, PARKNAME=""Dearborn Park"": NUMBEROFCOURTS=""4"", INDOOROUTDOOR=""Outdoor"", LIGHTED=""No"", NETS=""-"""
dearborn-park,restroom,false,https://services.arcgis.com/ZOyb2t4B0UYuYNYH/arcgis/rest/services/Pickleball_Courts/FeatureServer/0,2026-09-03,municipal_source,2,"NEARBYRESTROOM=""No"""
dearborn-park,parking,Street,https://services.arcgis.com/ZOyb2t4B0UYuYNYH/arcgis/rest/services/Pickleball_Courts/FeatureServer/0,2026-09-03,municipal_source,2,"PARKING=""Street"""
dearborn-park,venue_type,public_park,https://services.arcgis.com/ZOyb2t4B0UYuYNYH/arcgis/rest/services/Pickleball_Courts/FeatureServer/0,2026-09-03,municipal_source,2,"Published by Seattle Parks and Recreation as a park facility; Parks record OWNER=""DPR"""
dearborn-park,street_address,2919 S Brandon St,https://services.arcgis.com/ZOyb2t4B0UYuYNYH/arcgis/rest/services/Park_Boundary_(details)/FeatureServer/2,2026-09-03,municipal_source,2,"Parks layer PMA=408, NAME=""DEARBORN PARK"", ADDRESS=""2919 S Brandon St"""
dearborn-park,county,King,https://services.arcgis.com/ZOyb2t4B0UYuYNYH/arcgis/rest/services/Park_Boundary_(details)/FeatureServer/2,2026-09-03,municipal_source,2,"Parks layer PMA=408 is City of Seattle parks property (OWNER=""DPR""); the City of Seattle lies wholly within King County"
discovery-park,name,Discovery Park,https://services.arcgis.com/ZOyb2t4B0UYuYNYH/arcgis/rest/services/Pickleball_Courts/FeatureServer/0,2026-09-03,municipal_source,2,"Pickleball Courts layer PARKNAME=""Discovery Park"""
discovery-park,total_courts,4,https://services.arcgis.com/ZOyb2t4B0UYuYNYH/arcgis/rest/services/Pickleball_Courts/FeatureServer/0,2026-09-03,municipal_source,2,"Pickleball Courts layer, PARKNAME=""Discovery Park"": NUMBEROFCOURTS=""4"", INDOOROUTDOOR=""Outdoor"", LIGHTED=""No"", NETS=""-"""
discovery-park,indoor_courts,0,https://services.arcgis.com/ZOyb2t4B0UYuYNYH/arcgis/rest/services/Pickleball_Courts/FeatureServer/0,2026-09-03,municipal_source,2,"Pickleball Courts layer, PARKNAME=""Discovery Park"": NUMBEROFCOURTS=""4"", INDOOROUTDOOR=""Outdoor"", LIGHTED=""No"", NETS=""-"""
discovery-park,outdoor_courts,4,https://services.arcgis.com/ZOyb2t4B0UYuYNYH/arcgis/rest/services/Pickleball_Courts/FeatureServer/0,2026-09-03,municipal_source,2,"Pickleball Courts layer, PARKNAME=""Discovery Park"": NUMBEROFCOURTS=""4"", INDOOROUTDOOR=""Outdoor"", LIGHTED=""No"", NETS=""-"""
discovery-park,light,false,https://services.arcgis.com/ZOyb2t4B0UYuYNYH/arcgis/rest/services/Pickleball_Courts/FeatureServer/0,2026-09-03,municipal_source,2,"Pickleball Courts layer, PARKNAME=""Discovery Park"": NUMBEROFCOURTS=""4"", INDOOROUTDOOR=""Outdoor"", LIGHTED=""No"", NETS=""-"""
discovery-park,nets_provided,,https://services.arcgis.com/ZOyb2t4B0UYuYNYH/arcgis/rest/services/Pickleball_Courts/FeatureServer/0,2026-09-03,municipal_source,2,"Pickleball Courts layer, PARKNAME=""Discovery Park"": NUMBEROFCOURTS=""4"", INDOOROUTDOOR=""Outdoor"", LIGHTED=""No"", NETS=""-"""
discovery-park,restroom,true,https://services.arcgis.com/ZOyb2t4B0UYuYNYH/arcgis/rest/services/Pickleball_Courts/FeatureServer/0,2026-09-03,municipal_source,2,"NEARBYRESTROOM=""All Year"""
discovery-park,parking,Dedicated,https://services.arcgis.com/ZOyb2t4B0UYuYNYH/arcgis/rest/services/Pickleball_Courts/FeatureServer/0,2026-09-03,municipal_source,2,"PARKING=""Dedicated"""
discovery-park,venue_type,public_park,https://services.arcgis.com/ZOyb2t4B0UYuYNYH/arcgis/rest/services/Pickleball_Courts/FeatureServer/0,2026-09-03,municipal_source,2,"Published by Seattle Parks and Recreation as a park facility; Parks record OWNER=""DPR"""
discovery-park,street_address,3801 Discovery Park Blvd,https://services.arcgis.com/ZOyb2t4B0UYuYNYH/arcgis/rest/services/Park_Boundary_(details)/FeatureServer/2,2026-09-03,municipal_source,2,"Parks layer PMA=310, NAME=""DISCOVERY PARK"", ADDRESS=""3801 Discovery Park Blvd"""
discovery-park,county,King,https://services.arcgis.com/ZOyb2t4B0UYuYNYH/arcgis/rest/services/Park_Boundary_(details)/FeatureServer/2,2026-09-03,municipal_source,2,"Parks layer PMA=310 is City of Seattle parks property (OWNER=""DPR""); the City of Seattle lies wholly within King County"
georgetown-playfield,name,Georgetown Playfield,https://services.arcgis.com/ZOyb2t4B0UYuYNYH/arcgis/rest/services/Pickleball_Courts/FeatureServer/0,2026-09-03,municipal_source,2,"Pickleball Courts layer PARKNAME=""Georgetown Playfield"""
georgetown-playfield,total_courts,4,https://services.arcgis.com/ZOyb2t4B0UYuYNYH/arcgis/rest/services/Pickleball_Courts/FeatureServer/0,2026-09-03,municipal_source,2,"Pickleball Courts layer, PARKNAME=""Georgetown Playfield"": NUMBEROFCOURTS=""4"", INDOOROUTDOOR=""Outdoor"", LIGHTED=""No"", NETS=""-"""
georgetown-playfield,indoor_courts,0,https://services.arcgis.com/ZOyb2t4B0UYuYNYH/arcgis/rest/services/Pickleball_Courts/FeatureServer/0,2026-09-03,municipal_source,2,"Pickleball Courts layer, PARKNAME=""Georgetown Playfield"": NUMBEROFCOURTS=""4"", INDOOROUTDOOR=""Outdoor"", LIGHTED=""No"", NETS=""-"""
georgetown-playfield,outdoor_courts,4,https://services.arcgis.com/ZOyb2t4B0UYuYNYH/arcgis/rest/services/Pickleball_Courts/FeatureServer/0,2026-09-03,municipal_source,2,"Pickleball Courts layer, PARKNAME=""Georgetown Playfield"": NUMBEROFCOURTS=""4"", INDOOROUTDOOR=""Outdoor"", LIGHTED=""No"", NETS=""-"""
georgetown-playfield,light,false,https://services.arcgis.com/ZOyb2t4B0UYuYNYH/arcgis/rest/services/Pickleball_Courts/FeatureServer/0,2026-09-03,municipal_source,2,"Pickleball Courts layer, PARKNAME=""Georgetown Playfield"": NUMBEROFCOURTS=""4"", INDOOROUTDOOR=""Outdoor"", LIGHTED=""No"", NETS=""-"""
georgetown-playfield,nets_provided,,https://services.arcgis.com/ZOyb2t4B0UYuYNYH/arcgis/rest/services/Pickleball_Courts/FeatureServer/0,2026-09-03,municipal_source,2,"Pickleball Courts layer, PARKNAME=""Georgetown Playfield"": NUMBEROFCOURTS=""4"", INDOOROUTDOOR=""Outdoor"", LIGHTED=""No"", NETS=""-"""
georgetown-playfield,restroom,true,https://services.arcgis.com/ZOyb2t4B0UYuYNYH/arcgis/rest/services/Pickleball_Courts/FeatureServer/0,2026-09-03,municipal_source,2,"NEARBYRESTROOM=""All Year"""
georgetown-playfield,parking,Street,https://services.arcgis.com/ZOyb2t4B0UYuYNYH/arcgis/rest/services/Pickleball_Courts/FeatureServer/0,2026-09-03,municipal_source,2,"PARKING=""Street"""
georgetown-playfield,venue_type,public_park,https://services.arcgis.com/ZOyb2t4B0UYuYNYH/arcgis/rest/services/Pickleball_Courts/FeatureServer/0,2026-09-03,municipal_source,2,"Published by Seattle Parks and Recreation as a park facility; Parks record OWNER=""DPR"""
georgetown-playfield,street_address,750 S Homer St,https://services.arcgis.com/ZOyb2t4B0UYuYNYH/arcgis/rest/services/Park_Boundary_(details)/FeatureServer/2,2026-09-03,municipal_source,2,"Parks layer PMA=410, NAME=""GEORGETOWN PLAYFIELD"", ADDRESS=""750 S Homer St"""
georgetown-playfield,county,King,https://services.arcgis.com/ZOyb2t4B0UYuYNYH/arcgis/rest/services/Park_Boundary_(details)/FeatureServer/2,2026-09-03,municipal_source,2,"Parks layer PMA=410 is City of Seattle parks property (OWNER=""DPR""); the City of Seattle lies wholly within King County"
gilman-playground,name,Gilman Playground,https://services.arcgis.com/ZOyb2t4B0UYuYNYH/arcgis/rest/services/Pickleball_Courts/FeatureServer/0,2026-09-03,municipal_source,2,"Pickleball Courts layer PARKNAME=""Gilman Playground"""
gilman-playground,total_courts,4,https://services.arcgis.com/ZOyb2t4B0UYuYNYH/arcgis/rest/services/Pickleball_Courts/FeatureServer/0,2026-09-03,municipal_source,2,"Pickleball Courts layer, PARKNAME=""Gilman Playground"": NUMBEROFCOURTS=""4"", INDOOROUTDOOR=""Outdoor"", LIGHTED=""No"", NETS=""Yes"""
gilman-playground,indoor_courts,0,https://services.arcgis.com/ZOyb2t4B0UYuYNYH/arcgis/rest/services/Pickleball_Courts/FeatureServer/0,2026-09-03,municipal_source,2,"Pickleball Courts layer, PARKNAME=""Gilman Playground"": NUMBEROFCOURTS=""4"", INDOOROUTDOOR=""Outdoor"", LIGHTED=""No"", NETS=""Yes"""
gilman-playground,outdoor_courts,4,https://services.arcgis.com/ZOyb2t4B0UYuYNYH/arcgis/rest/services/Pickleball_Courts/FeatureServer/0,2026-09-03,municipal_source,2,"Pickleball Courts layer, PARKNAME=""Gilman Playground"": NUMBEROFCOURTS=""4"", INDOOROUTDOOR=""Outdoor"", LIGHTED=""No"", NETS=""Yes"""
gilman-playground,light,false,https://services.arcgis.com/ZOyb2t4B0UYuYNYH/arcgis/rest/services/Pickleball_Courts/FeatureServer/0,2026-09-03,municipal_source,2,"Pickleball Courts layer, PARKNAME=""Gilman Playground"": NUMBEROFCOURTS=""4"", INDOOROUTDOOR=""Outdoor"", LIGHTED=""No"", NETS=""Yes"""
gilman-playground,nets_provided,true,https://services.arcgis.com/ZOyb2t4B0UYuYNYH/arcgis/rest/services/Pickleball_Courts/FeatureServer/0,2026-09-03,municipal_source,2,"Pickleball Courts layer, PARKNAME=""Gilman Playground"": NUMBEROFCOURTS=""4"", INDOOROUTDOOR=""Outdoor"", LIGHTED=""No"", NETS=""Yes"""
gilman-playground,restroom,true,https://services.arcgis.com/ZOyb2t4B0UYuYNYH/arcgis/rest/services/Pickleball_Courts/FeatureServer/0,2026-09-03,municipal_source,2,"NEARBYRESTROOM=""Seasonal"""
gilman-playground,parking,Street,https://services.arcgis.com/ZOyb2t4B0UYuYNYH/arcgis/rest/services/Pickleball_Courts/FeatureServer/0,2026-09-03,municipal_source,2,"PARKING=""Street"""
gilman-playground,venue_type,public_park,https://services.arcgis.com/ZOyb2t4B0UYuYNYH/arcgis/rest/services/Pickleball_Courts/FeatureServer/0,2026-09-03,municipal_source,2,"Published by Seattle Parks and Recreation as a park facility; Parks record OWNER=""DPR"""
gilman-playground,street_address,923 NW 54th St,https://services.arcgis.com/ZOyb2t4B0UYuYNYH/arcgis/rest/services/Park_Boundary_(details)/FeatureServer/2,2026-09-03,municipal_source,2,"Parks layer PMA=242, NAME=""GILMAN PLAYGROUND"", ADDRESS=""923 NW 54th St"""
gilman-playground,county,King,https://services.arcgis.com/ZOyb2t4B0UYuYNYH/arcgis/rest/services/Park_Boundary_(details)/FeatureServer/2,2026-09-03,municipal_source,2,"Parks layer PMA=242 is City of Seattle parks property (OWNER=""DPR""); the City of Seattle lies wholly within King County"
kinnear-park,name,Kinnear Park,https://services.arcgis.com/ZOyb2t4B0UYuYNYH/arcgis/rest/services/Pickleball_Courts/FeatureServer/0,2026-09-03,municipal_source,2,"Pickleball Courts layer PARKNAME=""Kinnear Park"""
kinnear-park,total_courts,1,https://services.arcgis.com/ZOyb2t4B0UYuYNYH/arcgis/rest/services/Pickleball_Courts/FeatureServer/0,2026-09-03,municipal_source,2,"Pickleball Courts layer, PARKNAME=""Kinnear Park"": NUMBEROFCOURTS=""1"", INDOOROUTDOOR=""Outdoor"", LIGHTED=""No"", NETS=""-"""
kinnear-park,indoor_courts,0,https://services.arcgis.com/ZOyb2t4B0UYuYNYH/arcgis/rest/services/Pickleball_Courts/FeatureServer/0,2026-09-03,municipal_source,2,"Pickleball Courts layer, PARKNAME=""Kinnear Park"": NUMBEROFCOURTS=""1"", INDOOROUTDOOR=""Outdoor"", LIGHTED=""No"", NETS=""-"""
kinnear-park,outdoor_courts,1,https://services.arcgis.com/ZOyb2t4B0UYuYNYH/arcgis/rest/services/Pickleball_Courts/FeatureServer/0,2026-09-03,municipal_source,2,"Pickleball Courts layer, PARKNAME=""Kinnear Park"": NUMBEROFCOURTS=""1"", INDOOROUTDOOR=""Outdoor"", LIGHTED=""No"", NETS=""-"""
kinnear-park,light,false,https://services.arcgis.com/ZOyb2t4B0UYuYNYH/arcgis/rest/services/Pickleball_Courts/FeatureServer/0,2026-09-03,municipal_source,2,"Pickleball Courts layer, PARKNAME=""Kinnear Park"": NUMBEROFCOURTS=""1"", INDOOROUTDOOR=""Outdoor"", LIGHTED=""No"", NETS=""-"""
kinnear-park,nets_provided,,https://services.arcgis.com/ZOyb2t4B0UYuYNYH/arcgis/rest/services/Pickleball_Courts/FeatureServer/0,2026-09-03,municipal_source,2,"Pickleball Courts layer, PARKNAME=""Kinnear Park"": NUMBEROFCOURTS=""1"", INDOOROUTDOOR=""Outdoor"", LIGHTED=""No"", NETS=""-"""
kinnear-park,restroom,true,https://services.arcgis.com/ZOyb2t4B0UYuYNYH/arcgis/rest/services/Pickleball_Courts/FeatureServer/0,2026-09-03,municipal_source,2,"NEARBYRESTROOM=""Seasonal"""
kinnear-park,parking,Street,https://services.arcgis.com/ZOyb2t4B0UYuYNYH/arcgis/rest/services/Pickleball_Courts/FeatureServer/0,2026-09-03,municipal_source,2,"PARKING=""Street"""
kinnear-park,venue_type,public_park,https://services.arcgis.com/ZOyb2t4B0UYuYNYH/arcgis/rest/services/Pickleball_Courts/FeatureServer/0,2026-09-03,municipal_source,2,"Published by Seattle Parks and Recreation as a park facility; Parks record OWNER=""DPR"""
kinnear-park,street_address,899 W Olympic Pl,https://services.arcgis.com/ZOyb2t4B0UYuYNYH/arcgis/rest/services/Park_Boundary_(details)/FeatureServer/2,2026-09-03,municipal_source,2,"Parks layer PMA=314, NAME=""KINNEAR PARK"", ADDRESS=""899 W Olumpic Pl"""
kinnear-park,county,King,https://services.arcgis.com/ZOyb2t4B0UYuYNYH/arcgis/rest/services/Park_Boundary_(details)/FeatureServer/2,2026-09-03,municipal_source,2,"Parks layer PMA=314 is City of Seattle parks property (OWNER=""DPR""); the City of Seattle lies wholly within King County"
lakeridge-park,name,Lakeridge Park,https://services.arcgis.com/ZOyb2t4B0UYuYNYH/arcgis/rest/services/Pickleball_Courts/FeatureServer/0,2026-09-03,municipal_source,2,"Pickleball Courts layer PARKNAME=""Lakeridge Park"""
lakeridge-park,total_courts,2,https://services.arcgis.com/ZOyb2t4B0UYuYNYH/arcgis/rest/services/Pickleball_Courts/FeatureServer/0,2026-09-03,municipal_source,2,"Pickleball Courts layer, PARKNAME=""Lakeridge Park"": NUMBEROFCOURTS=""2"", INDOOROUTDOOR=""Outdoor"", LIGHTED=""No"", NETS=""Yes"""
lakeridge-park,indoor_courts,0,https://services.arcgis.com/ZOyb2t4B0UYuYNYH/arcgis/rest/services/Pickleball_Courts/FeatureServer/0,2026-09-03,municipal_source,2,"Pickleball Courts layer, PARKNAME=""Lakeridge Park"": NUMBEROFCOURTS=""2"", INDOOROUTDOOR=""Outdoor"", LIGHTED=""No"", NETS=""Yes"""
lakeridge-park,outdoor_courts,2,https://services.arcgis.com/ZOyb2t4B0UYuYNYH/arcgis/rest/services/Pickleball_Courts/FeatureServer/0,2026-09-03,municipal_source,2,"Pickleball Courts layer, PARKNAME=""Lakeridge Park"": NUMBEROFCOURTS=""2"", INDOOROUTDOOR=""Outdoor"", LIGHTED=""No"", NETS=""Yes"""
lakeridge-park,light,false,https://services.arcgis.com/ZOyb2t4B0UYuYNYH/arcgis/rest/services/Pickleball_Courts/FeatureServer/0,2026-09-03,municipal_source,2,"Pickleball Courts layer, PARKNAME=""Lakeridge Park"": NUMBEROFCOURTS=""2"", INDOOROUTDOOR=""Outdoor"", LIGHTED=""No"", NETS=""Yes"""
lakeridge-park,nets_provided,true,https://services.arcgis.com/ZOyb2t4B0UYuYNYH/arcgis/rest/services/Pickleball_Courts/FeatureServer/0,2026-09-03,municipal_source,2,"Pickleball Courts layer, PARKNAME=""Lakeridge Park"": NUMBEROFCOURTS=""2"", INDOOROUTDOOR=""Outdoor"", LIGHTED=""No"", NETS=""Yes"""
lakeridge-park,restroom,true,https://services.arcgis.com/ZOyb2t4B0UYuYNYH/arcgis/rest/services/Pickleball_Courts/FeatureServer/0,2026-09-03,municipal_source,2,"NEARBYRESTROOM=""Seasonal"""
lakeridge-park,parking,Dedicated,https://services.arcgis.com/ZOyb2t4B0UYuYNYH/arcgis/rest/services/Pickleball_Courts/FeatureServer/0,2026-09-03,municipal_source,2,"PARKING=""Dedicated"""
lakeridge-park,venue_type,public_park,https://services.arcgis.com/ZOyb2t4B0UYuYNYH/arcgis/rest/services/Pickleball_Courts/FeatureServer/0,2026-09-03,municipal_source,2,"Published by Seattle Parks and Recreation as a park facility; Parks record OWNER=""DPR"""
lakeridge-park,street_address,10145 Rainier Ave S,https://services.arcgis.com/ZOyb2t4B0UYuYNYH/arcgis/rest/services/Park_Boundary_(details)/FeatureServer/2,2026-09-03,municipal_source,2,"Parks layer PMA=3972, NAME=""LAKERIDGE PLAYGROUND"", ADDRESS=""10145 Rainier Ave S"""
lakeridge-park,county,King,https://services.arcgis.com/ZOyb2t4B0UYuYNYH/arcgis/rest/services/Park_Boundary_(details)/FeatureServer/2,2026-09-03,municipal_source,2,"Parks layer PMA=3972 is City of Seattle parks property (OWNER=""DPR""); the City of Seattle lies wholly within King County"
laurelhurst-playfield,name,Laurelhurst Playfield,https://services.arcgis.com/ZOyb2t4B0UYuYNYH/arcgis/rest/services/Pickleball_Courts/FeatureServer/0,2026-09-03,municipal_source,2,"Pickleball Courts layer PARKNAME=""Laurelhurst Playfield"""
laurelhurst-playfield,total_courts,1,https://services.arcgis.com/ZOyb2t4B0UYuYNYH/arcgis/rest/services/Pickleball_Courts/FeatureServer/0,2026-09-03,municipal_source,2,"Pickleball Courts layer, PARKNAME=""Laurelhurst Playfield"": NUMBEROFCOURTS=""1"", INDOOROUTDOOR=""Outdoor"", LIGHTED=""No"", NETS=""Yes"""
laurelhurst-playfield,indoor_courts,0,https://services.arcgis.com/ZOyb2t4B0UYuYNYH/arcgis/rest/services/Pickleball_Courts/FeatureServer/0,2026-09-03,municipal_source,2,"Pickleball Courts layer, PARKNAME=""Laurelhurst Playfield"": NUMBEROFCOURTS=""1"", INDOOROUTDOOR=""Outdoor"", LIGHTED=""No"", NETS=""Yes"""
laurelhurst-playfield,outdoor_courts,1,https://services.arcgis.com/ZOyb2t4B0UYuYNYH/arcgis/rest/services/Pickleball_Courts/FeatureServer/0,2026-09-03,municipal_source,2,"Pickleball Courts layer, PARKNAME=""Laurelhurst Playfield"": NUMBEROFCOURTS=""1"", INDOOROUTDOOR=""Outdoor"", LIGHTED=""No"", NETS=""Yes"""
laurelhurst-playfield,light,false,https://services.arcgis.com/ZOyb2t4B0UYuYNYH/arcgis/rest/services/Pickleball_Courts/FeatureServer/0,2026-09-03,municipal_source,2,"Pickleball Courts layer, PARKNAME=""Laurelhurst Playfield"": NUMBEROFCOURTS=""1"", INDOOROUTDOOR=""Outdoor"", LIGHTED=""No"", NETS=""Yes"""
laurelhurst-playfield,nets_provided,true,https://services.arcgis.com/ZOyb2t4B0UYuYNYH/arcgis/rest/services/Pickleball_Courts/FeatureServer/0,2026-09-03,municipal_source,2,"Pickleball Courts layer, PARKNAME=""Laurelhurst Playfield"": NUMBEROFCOURTS=""1"", INDOOROUTDOOR=""Outdoor"", LIGHTED=""No"", NETS=""Yes"""
laurelhurst-playfield,restroom,true,https://services.arcgis.com/ZOyb2t4B0UYuYNYH/arcgis/rest/services/Pickleball_Courts/FeatureServer/0,2026-09-03,municipal_source,2,"NEARBYRESTROOM=""All Year"""
laurelhurst-playfield,parking,Dedicated,https://services.arcgis.com/ZOyb2t4B0UYuYNYH/arcgis/rest/services/Pickleball_Courts/FeatureServer/0,2026-09-03,municipal_source,2,"PARKING=""Dedicated"""
laurelhurst-playfield,venue_type,public_park,https://services.arcgis.com/ZOyb2t4B0UYuYNYH/arcgis/rest/services/Pickleball_Courts/FeatureServer/0,2026-09-03,municipal_source,2,"Published by Seattle Parks and Recreation as a park facility; Parks record OWNER=""DPR"""
laurelhurst-playfield,street_address,4544 NE 41st St,https://services.arcgis.com/ZOyb2t4B0UYuYNYH/arcgis/rest/services/Park_Boundary_(details)/FeatureServer/2,2026-09-03,municipal_source,2,"Parks layer PMA=340, NAME=""LAURELHURST PLAYFIELD"", ADDRESS=""4544 NE 41st St"""
laurelhurst-playfield,county,King,https://services.arcgis.com/ZOyb2t4B0UYuYNYH/arcgis/rest/services/Park_Boundary_(details)/FeatureServer/2,2026-09-03,municipal_source,2,"Parks layer PMA=340 is City of Seattle parks property (OWNER=""DPR""); the City of Seattle lies wholly within King County"
miller-playfield,name,Miller Playfield,https://services.arcgis.com/ZOyb2t4B0UYuYNYH/arcgis/rest/services/Pickleball_Courts/FeatureServer/0,2026-09-03,municipal_source,2,"Pickleball Courts layer PARKNAME=""Miller Playfield"""
miller-playfield,total_courts,5,https://services.arcgis.com/ZOyb2t4B0UYuYNYH/arcgis/rest/services/Pickleball_Courts/FeatureServer/0,2026-09-03,municipal_source,2,"Pickleball Courts layer, PARKNAME=""Miller Playfield"": NUMBEROFCOURTS=""5"", INDOOROUTDOOR=""Outdoor"", LIGHTED=""Yes"", NETS=""Yes"""
miller-playfield,indoor_courts,0,https://services.arcgis.com/ZOyb2t4B0UYuYNYH/arcgis/rest/services/Pickleball_Courts/FeatureServer/0,2026-09-03,municipal_source,2,"Pickleball Courts layer, PARKNAME=""Miller Playfield"": NUMBEROFCOURTS=""5"", INDOOROUTDOOR=""Outdoor"", LIGHTED=""Yes"", NETS=""Yes"""
miller-playfield,outdoor_courts,5,https://services.arcgis.com/ZOyb2t4B0UYuYNYH/arcgis/rest/services/Pickleball_Courts/FeatureServer/0,2026-09-03,municipal_source,2,"Pickleball Courts layer, PARKNAME=""Miller Playfield"": NUMBEROFCOURTS=""5"", INDOOROUTDOOR=""Outdoor"", LIGHTED=""Yes"", NETS=""Yes"""
miller-playfield,light,true,https://services.arcgis.com/ZOyb2t4B0UYuYNYH/arcgis/rest/services/Pickleball_Courts/FeatureServer/0,2026-09-03,municipal_source,2,"Pickleball Courts layer, PARKNAME=""Miller Playfield"": NUMBEROFCOURTS=""5"", INDOOROUTDOOR=""Outdoor"", LIGHTED=""Yes"", NETS=""Yes"""
miller-playfield,nets_provided,true,https://services.arcgis.com/ZOyb2t4B0UYuYNYH/arcgis/rest/services/Pickleball_Courts/FeatureServer/0,2026-09-03,municipal_source,2,"Pickleball Courts layer, PARKNAME=""Miller Playfield"": NUMBEROFCOURTS=""5"", INDOOROUTDOOR=""Outdoor"", LIGHTED=""Yes"", NETS=""Yes"""
miller-playfield,restroom,true,https://services.arcgis.com/ZOyb2t4B0UYuYNYH/arcgis/rest/services/Pickleball_Courts/FeatureServer/0,2026-09-03,municipal_source,2,"NEARBYRESTROOM=""All Year"""
miller-playfield,parking,Dedicated,https://services.arcgis.com/ZOyb2t4B0UYuYNYH/arcgis/rest/services/Pickleball_Courts/FeatureServer/0,2026-09-03,municipal_source,2,"PARKING=""Dedicated"""
miller-playfield,venue_type,public_park,https://services.arcgis.com/ZOyb2t4B0UYuYNYH/arcgis/rest/services/Pickleball_Courts/FeatureServer/0,2026-09-03,municipal_source,2,"Published by Seattle Parks and Recreation as a park facility; Parks record OWNER=""DPR"""
miller-playfield,street_address,330 19th Ave E,https://services.arcgis.com/ZOyb2t4B0UYuYNYH/arcgis/rest/services/Park_Boundary_(details)/FeatureServer/2,2026-09-03,municipal_source,2,"Parks layer PMA=373, NAME=""PENDLETON MILLER PLAYFIELD"", ADDRESS=""330 19th Ave E"""
miller-playfield,county,King,https://services.arcgis.com/ZOyb2t4B0UYuYNYH/arcgis/rest/services/Park_Boundary_(details)/FeatureServer/2,2026-09-03,municipal_source,2,"Parks layer PMA=373 is City of Seattle parks property (OWNER=""DPR""); the City of Seattle lies wholly within King County"
montlake-playfield,name,Montlake Playfield,https://services.arcgis.com/ZOyb2t4B0UYuYNYH/arcgis/rest/services/Pickleball_Courts/FeatureServer/0,2026-09-03,municipal_source,2,"Pickleball Courts layer PARKNAME=""Montlake Playfield"""
montlake-playfield,total_courts,1,https://services.arcgis.com/ZOyb2t4B0UYuYNYH/arcgis/rest/services/Pickleball_Courts/FeatureServer/0,2026-09-03,municipal_source,2,"Pickleball Courts layer, PARKNAME=""Montlake Playfield"": NUMBEROFCOURTS=""1"", INDOOROUTDOOR=""Outdoor"", LIGHTED=""No"", NETS=""-"""
montlake-playfield,indoor_courts,0,https://services.arcgis.com/ZOyb2t4B0UYuYNYH/arcgis/rest/services/Pickleball_Courts/FeatureServer/0,2026-09-03,municipal_source,2,"Pickleball Courts layer, PARKNAME=""Montlake Playfield"": NUMBEROFCOURTS=""1"", INDOOROUTDOOR=""Outdoor"", LIGHTED=""No"", NETS=""-"""
montlake-playfield,outdoor_courts,1,https://services.arcgis.com/ZOyb2t4B0UYuYNYH/arcgis/rest/services/Pickleball_Courts/FeatureServer/0,2026-09-03,municipal_source,2,"Pickleball Courts layer, PARKNAME=""Montlake Playfield"": NUMBEROFCOURTS=""1"", INDOOROUTDOOR=""Outdoor"", LIGHTED=""No"", NETS=""-"""
montlake-playfield,light,false,https://services.arcgis.com/ZOyb2t4B0UYuYNYH/arcgis/rest/services/Pickleball_Courts/FeatureServer/0,2026-09-03,municipal_source,2,"Pickleball Courts layer, PARKNAME=""Montlake Playfield"": NUMBEROFCOURTS=""1"", INDOOROUTDOOR=""Outdoor"", LIGHTED=""No"", NETS=""-"""
montlake-playfield,nets_provided,,https://services.arcgis.com/ZOyb2t4B0UYuYNYH/arcgis/rest/services/Pickleball_Courts/FeatureServer/0,2026-09-03,municipal_source,2,"Pickleball Courts layer, PARKNAME=""Montlake Playfield"": NUMBEROFCOURTS=""1"", INDOOROUTDOOR=""Outdoor"", LIGHTED=""No"", NETS=""-"""
montlake-playfield,restroom,true,https://services.arcgis.com/ZOyb2t4B0UYuYNYH/arcgis/rest/services/Pickleball_Courts/FeatureServer/0,2026-09-03,municipal_source,2,"NEARBYRESTROOM=""Seasonal"""
montlake-playfield,parking,Dedicated,https://services.arcgis.com/ZOyb2t4B0UYuYNYH/arcgis/rest/services/Pickleball_Courts/FeatureServer/0,2026-09-03,municipal_source,2,"PARKING=""Dedicated"""
montlake-playfield,venue_type,public_park,https://services.arcgis.com/ZOyb2t4B0UYuYNYH/arcgis/rest/services/Pickleball_Courts/FeatureServer/0,2026-09-03,municipal_source,2,"Published by Seattle Parks and Recreation as a park facility; Parks record OWNER=""DPR"""
montlake-playfield,street_address,1618 E Calhoun St,https://services.arcgis.com/ZOyb2t4B0UYuYNYH/arcgis/rest/services/Park_Boundary_(details)/FeatureServer/2,2026-09-03,municipal_source,2,"Parks layer PMA=376, NAME=""MONTLAKE PLAYFIELD"", ADDRESS=""1618 E Calhoun St"""
montlake-playfield,county,King,https://services.arcgis.com/ZOyb2t4B0UYuYNYH/arcgis/rest/services/Park_Boundary_(details)/FeatureServer/2,2026-09-03,municipal_source,2,"Parks layer PMA=376 is City of Seattle parks property (OWNER=""DPR""); the City of Seattle lies wholly within King County"
mt-baker-park,name,Mt. Baker Park,https://services.arcgis.com/ZOyb2t4B0UYuYNYH/arcgis/rest/services/Pickleball_Courts/FeatureServer/0,2026-09-03,municipal_source,2,"Pickleball Courts layer PARKNAME=""Mt. Baker Park"""
mt-baker-park,total_courts,4,https://services.arcgis.com/ZOyb2t4B0UYuYNYH/arcgis/rest/services/Pickleball_Courts/FeatureServer/0,2026-09-03,municipal_source,2,"Pickleball Courts layer, PARKNAME=""Mt. Baker Park"": NUMBEROFCOURTS=""4"", INDOOROUTDOOR=""Outdoor"", LIGHTED=""Yes"", NETS=""Yes"""
mt-baker-park,indoor_courts,0,https://services.arcgis.com/ZOyb2t4B0UYuYNYH/arcgis/rest/services/Pickleball_Courts/FeatureServer/0,2026-09-03,municipal_source,2,"Pickleball Courts layer, PARKNAME=""Mt. Baker Park"": NUMBEROFCOURTS=""4"", INDOOROUTDOOR=""Outdoor"", LIGHTED=""Yes"", NETS=""Yes"""
mt-baker-park,outdoor_courts,4,https://services.arcgis.com/ZOyb2t4B0UYuYNYH/arcgis/rest/services/Pickleball_Courts/FeatureServer/0,2026-09-03,municipal_source,2,"Pickleball Courts layer, PARKNAME=""Mt. Baker Park"": NUMBEROFCOURTS=""4"", INDOOROUTDOOR=""Outdoor"", LIGHTED=""Yes"", NETS=""Yes"""
mt-baker-park,light,true,https://services.arcgis.com/ZOyb2t4B0UYuYNYH/arcgis/rest/services/Pickleball_Courts/FeatureServer/0,2026-09-03,municipal_source,2,"Pickleball Courts layer, PARKNAME=""Mt. Baker Park"": NUMBEROFCOURTS=""4"", INDOOROUTDOOR=""Outdoor"", LIGHTED=""Yes"", NETS=""Yes"""
mt-baker-park,nets_provided,true,https://services.arcgis.com/ZOyb2t4B0UYuYNYH/arcgis/rest/services/Pickleball_Courts/FeatureServer/0,2026-09-03,municipal_source,2,"Pickleball Courts layer, PARKNAME=""Mt. Baker Park"": NUMBEROFCOURTS=""4"", INDOOROUTDOOR=""Outdoor"", LIGHTED=""Yes"", NETS=""Yes"""
mt-baker-park,restroom,true,https://services.arcgis.com/ZOyb2t4B0UYuYNYH/arcgis/rest/services/Pickleball_Courts/FeatureServer/0,2026-09-03,municipal_source,2,"NEARBYRESTROOM=""All Year"""
mt-baker-park,parking,Street,https://services.arcgis.com/ZOyb2t4B0UYuYNYH/arcgis/rest/services/Pickleball_Courts/FeatureServer/0,2026-09-03,municipal_source,2,"PARKING=""Street"""
mt-baker-park,venue_type,public_park,https://services.arcgis.com/ZOyb2t4B0UYuYNYH/arcgis/rest/services/Pickleball_Courts/FeatureServer/0,2026-09-03,municipal_source,2,"Published by Seattle Parks and Recreation as a park facility; Parks record OWNER=""DPR"""
mt-baker-park,street_address,2521 Lake Park Dr S,https://services.arcgis.com/ZOyb2t4B0UYuYNYH/arcgis/rest/services/Park_Boundary_(details)/FeatureServer/2,2026-09-03,municipal_source,2,"Parks layer PMA=419, NAME=""MOUNT BAKER PARK"", ADDRESS=""2521 Lake Park Dr S"""
mt-baker-park,county,King,https://services.arcgis.com/ZOyb2t4B0UYuYNYH/arcgis/rest/services/Park_Boundary_(details)/FeatureServer/2,2026-09-03,municipal_source,2,"Parks layer PMA=419 is City of Seattle parks property (OWNER=""DPR""); the City of Seattle lies wholly within King County"
observatory-courts,name,Observatory Courts,https://services.arcgis.com/ZOyb2t4B0UYuYNYH/arcgis/rest/services/Pickleball_Courts/FeatureServer/0,2026-09-03,municipal_source,2,"Pickleball Courts layer PARKNAME=""Observatory Courts"""
observatory-courts,total_courts,2,https://services.arcgis.com/ZOyb2t4B0UYuYNYH/arcgis/rest/services/Pickleball_Courts/FeatureServer/0,2026-09-03,municipal_source,2,"Pickleball Courts layer, PARKNAME=""Observatory Courts"": NUMBEROFCOURTS=""2"", INDOOROUTDOOR=""Outdoor"", LIGHTED=""No"", NETS=""-"""
observatory-courts,indoor_courts,0,https://services.arcgis.com/ZOyb2t4B0UYuYNYH/arcgis/rest/services/Pickleball_Courts/FeatureServer/0,2026-09-03,municipal_source,2,"Pickleball Courts layer, PARKNAME=""Observatory Courts"": NUMBEROFCOURTS=""2"", INDOOROUTDOOR=""Outdoor"", LIGHTED=""No"", NETS=""-"""
observatory-courts,outdoor_courts,2,https://services.arcgis.com/ZOyb2t4B0UYuYNYH/arcgis/rest/services/Pickleball_Courts/FeatureServer/0,2026-09-03,municipal_source,2,"Pickleball Courts layer, PARKNAME=""Observatory Courts"": NUMBEROFCOURTS=""2"", INDOOROUTDOOR=""Outdoor"", LIGHTED=""No"", NETS=""-"""
observatory-courts,light,false,https://services.arcgis.com/ZOyb2t4B0UYuYNYH/arcgis/rest/services/Pickleball_Courts/FeatureServer/0,2026-09-03,municipal_source,2,"Pickleball Courts layer, PARKNAME=""Observatory Courts"": NUMBEROFCOURTS=""2"", INDOOROUTDOOR=""Outdoor"", LIGHTED=""No"", NETS=""-"""
observatory-courts,nets_provided,,https://services.arcgis.com/ZOyb2t4B0UYuYNYH/arcgis/rest/services/Pickleball_Courts/FeatureServer/0,2026-09-03,municipal_source,2,"Pickleball Courts layer, PARKNAME=""Observatory Courts"": NUMBEROFCOURTS=""2"", INDOOROUTDOOR=""Outdoor"", LIGHTED=""No"", NETS=""-"""
observatory-courts,restroom,false,https://services.arcgis.com/ZOyb2t4B0UYuYNYH/arcgis/rest/services/Pickleball_Courts/FeatureServer/0,2026-09-03,municipal_source,2,"NEARBYRESTROOM=""No"""
observatory-courts,parking,Street,https://services.arcgis.com/ZOyb2t4B0UYuYNYH/arcgis/rest/services/Pickleball_Courts/FeatureServer/0,2026-09-03,municipal_source,2,"PARKING=""Street"""
observatory-courts,venue_type,public_park,https://services.arcgis.com/ZOyb2t4B0UYuYNYH/arcgis/rest/services/Pickleball_Courts/FeatureServer/0,2026-09-03,municipal_source,2,"Published by Seattle Parks and Recreation as a park facility; Parks record OWNER=""DPR"""
observatory-courts,street_address,1405 Warren Ave N,https://services.arcgis.com/ZOyb2t4B0UYuYNYH/arcgis/rest/services/Park_Boundary_(details)/FeatureServer/2,2026-09-03,municipal_source,2,"Parks layer PMA=322, NAME=""OBSERVATORY COURTS"", ADDRESS=""1405 Warren Ave N"""
observatory-courts,county,King,https://services.arcgis.com/ZOyb2t4B0UYuYNYH/arcgis/rest/services/Park_Boundary_(details)/FeatureServer/2,2026-09-03,municipal_source,2,"Parks layer PMA=322 is City of Seattle parks property (OWNER=""DPR""); the City of Seattle lies wholly within King County"
rainier-beach-playfield,name,Rainier Beach Playfield,https://services.arcgis.com/ZOyb2t4B0UYuYNYH/arcgis/rest/services/Pickleball_Courts/FeatureServer/0,2026-09-03,municipal_source,2,"Pickleball Courts layer PARKNAME=""Rainier Beach Playfield"""
rainier-beach-playfield,total_courts,8,https://services.arcgis.com/ZOyb2t4B0UYuYNYH/arcgis/rest/services/Pickleball_Courts/FeatureServer/0,2026-09-03,municipal_source,2,"Pickleball Courts layer, PARKNAME=""Rainier Beach Playfield"": NUMBEROFCOURTS=""8"", INDOOROUTDOOR=""Outdoor"", LIGHTED=""Yes"", NETS=""Yes"""
rainier-beach-playfield,indoor_courts,0,https://services.arcgis.com/ZOyb2t4B0UYuYNYH/arcgis/rest/services/Pickleball_Courts/FeatureServer/0,2026-09-03,municipal_source,2,"Pickleball Courts layer, PARKNAME=""Rainier Beach Playfield"": NUMBEROFCOURTS=""8"", INDOOROUTDOOR=""Outdoor"", LIGHTED=""Yes"", NETS=""Yes"""
rainier-beach-playfield,outdoor_courts,8,https://services.arcgis.com/ZOyb2t4B0UYuYNYH/arcgis/rest/services/Pickleball_Courts/FeatureServer/0,2026-09-03,municipal_source,2,"Pickleball Courts layer, PARKNAME=""Rainier Beach Playfield"": NUMBEROFCOURTS=""8"", INDOOROUTDOOR=""Outdoor"", LIGHTED=""Yes"", NETS=""Yes"""
rainier-beach-playfield,light,true,https://services.arcgis.com/ZOyb2t4B0UYuYNYH/arcgis/rest/services/Pickleball_Courts/FeatureServer/0,2026-09-03,municipal_source,2,"Pickleball Courts layer, PARKNAME=""Rainier Beach Playfield"": NUMBEROFCOURTS=""8"", INDOOROUTDOOR=""Outdoor"", LIGHTED=""Yes"", NETS=""Yes"""
rainier-beach-playfield,nets_provided,true,https://services.arcgis.com/ZOyb2t4B0UYuYNYH/arcgis/rest/services/Pickleball_Courts/FeatureServer/0,2026-09-03,municipal_source,2,"Pickleball Courts layer, PARKNAME=""Rainier Beach Playfield"": NUMBEROFCOURTS=""8"", INDOOROUTDOOR=""Outdoor"", LIGHTED=""Yes"", NETS=""Yes"""
rainier-beach-playfield,restroom,true,https://services.arcgis.com/ZOyb2t4B0UYuYNYH/arcgis/rest/services/Pickleball_Courts/FeatureServer/0,2026-09-03,municipal_source,2,"NEARBYRESTROOM=""All Year"""
rainier-beach-playfield,parking,Dedicated,https://services.arcgis.com/ZOyb2t4B0UYuYNYH/arcgis/rest/services/Pickleball_Courts/FeatureServer/0,2026-09-03,municipal_source,2,"PARKING=""Dedicated"""
rainier-beach-playfield,venue_type,public_park,https://services.arcgis.com/ZOyb2t4B0UYuYNYH/arcgis/rest/services/Pickleball_Courts/FeatureServer/0,2026-09-03,municipal_source,2,"Published by Seattle Parks and Recreation as a park facility; Parks record OWNER=""DPR"""
rainier-beach-playfield,street_address,4707 S Cloverdale St,https://services.arcgis.com/ZOyb2t4B0UYuYNYH/arcgis/rest/services/Park_Boundary_(details)/FeatureServer/2,2026-09-03,municipal_source,2,"Parks layer PMA=422, NAME=""RAINIER BEACH PLAYFIELD"", ADDRESS=""4707 S Cloverdale St"""
rainier-beach-playfield,county,King,https://services.arcgis.com/ZOyb2t4B0UYuYNYH/arcgis/rest/services/Park_Boundary_(details)/FeatureServer/2,2026-09-03,municipal_source,2,"Parks layer PMA=422 is City of Seattle parks property (OWNER=""DPR""); the City of Seattle lies wholly within King County"
soundview-playfield,name,Soundview Playfield,https://services.arcgis.com/ZOyb2t4B0UYuYNYH/arcgis/rest/services/Pickleball_Courts/FeatureServer/0,2026-09-03,municipal_source,2,"Pickleball Courts layer PARKNAME=""Soundview Playfield"""
soundview-playfield,total_courts,4,https://services.arcgis.com/ZOyb2t4B0UYuYNYH/arcgis/rest/services/Pickleball_Courts/FeatureServer/0,2026-09-03,municipal_source,2,"Pickleball Courts layer, PARKNAME=""Soundview Playfield"": NUMBEROFCOURTS=""4"", INDOOROUTDOOR=""Outdoor"", LIGHTED=""No"", NETS=""-"""
soundview-playfield,indoor_courts,0,https://services.arcgis.com/ZOyb2t4B0UYuYNYH/arcgis/rest/services/Pickleball_Courts/FeatureServer/0,2026-09-03,municipal_source,2,"Pickleball Courts layer, PARKNAME=""Soundview Playfield"": NUMBEROFCOURTS=""4"", INDOOROUTDOOR=""Outdoor"", LIGHTED=""No"", NETS=""-"""
soundview-playfield,outdoor_courts,4,https://services.arcgis.com/ZOyb2t4B0UYuYNYH/arcgis/rest/services/Pickleball_Courts/FeatureServer/0,2026-09-03,municipal_source,2,"Pickleball Courts layer, PARKNAME=""Soundview Playfield"": NUMBEROFCOURTS=""4"", INDOOROUTDOOR=""Outdoor"", LIGHTED=""No"", NETS=""-"""
soundview-playfield,light,false,https://services.arcgis.com/ZOyb2t4B0UYuYNYH/arcgis/rest/services/Pickleball_Courts/FeatureServer/0,2026-09-03,municipal_source,2,"Pickleball Courts layer, PARKNAME=""Soundview Playfield"": NUMBEROFCOURTS=""4"", INDOOROUTDOOR=""Outdoor"", LIGHTED=""No"", NETS=""-"""
soundview-playfield,nets_provided,,https://services.arcgis.com/ZOyb2t4B0UYuYNYH/arcgis/rest/services/Pickleball_Courts/FeatureServer/0,2026-09-03,municipal_source,2,"Pickleball Courts layer, PARKNAME=""Soundview Playfield"": NUMBEROFCOURTS=""4"", INDOOROUTDOOR=""Outdoor"", LIGHTED=""No"", NETS=""-"""
soundview-playfield,restroom,true,https://services.arcgis.com/ZOyb2t4B0UYuYNYH/arcgis/rest/services/Pickleball_Courts/FeatureServer/0,2026-09-03,municipal_source,2,"NEARBYRESTROOM=""Seasonal"""
soundview-playfield,parking,Street,https://services.arcgis.com/ZOyb2t4B0UYuYNYH/arcgis/rest/services/Pickleball_Courts/FeatureServer/0,2026-09-03,municipal_source,2,"PARKING=""Street"""
soundview-playfield,venue_type,public_park,https://services.arcgis.com/ZOyb2t4B0UYuYNYH/arcgis/rest/services/Pickleball_Courts/FeatureServer/0,2026-09-03,municipal_source,2,"Published by Seattle Parks and Recreation as a park facility; Parks record OWNER=""DPR"""
soundview-playfield,street_address,1590 NW 90th St,https://services.arcgis.com/ZOyb2t4B0UYuYNYH/arcgis/rest/services/Park_Boundary_(details)/FeatureServer/2,2026-09-03,municipal_source,2,"Parks layer PMA=251, NAME=""SOUNDVIEW PLAYFIELD"", ADDRESS=""1590 NW 90th St"""
soundview-playfield,county,King,https://services.arcgis.com/ZOyb2t4B0UYuYNYH/arcgis/rest/services/Park_Boundary_(details)/FeatureServer/2,2026-09-03,municipal_source,2,"Parks layer PMA=251 is City of Seattle parks property (OWNER=""DPR""); the City of Seattle lies wholly within King County"
south-park-playground,name,South Park Playground,https://services.arcgis.com/ZOyb2t4B0UYuYNYH/arcgis/rest/services/Pickleball_Courts/FeatureServer/0,2026-09-03,municipal_source,2,"Pickleball Courts layer PARKNAME=""South Park Playground"""
south-park-playground,total_courts,1,https://services.arcgis.com/ZOyb2t4B0UYuYNYH/arcgis/rest/services/Pickleball_Courts/FeatureServer/0,2026-09-03,municipal_source,2,"Pickleball Courts layer, PARKNAME=""South Park Playground"": NUMBEROFCOURTS=""1"", INDOOROUTDOOR=""Outdoor"", LIGHTED=""No"", NETS=""Yes"""
south-park-playground,indoor_courts,0,https://services.arcgis.com/ZOyb2t4B0UYuYNYH/arcgis/rest/services/Pickleball_Courts/FeatureServer/0,2026-09-03,municipal_source,2,"Pickleball Courts layer, PARKNAME=""South Park Playground"": NUMBEROFCOURTS=""1"", INDOOROUTDOOR=""Outdoor"", LIGHTED=""No"", NETS=""Yes"""
south-park-playground,outdoor_courts,1,https://services.arcgis.com/ZOyb2t4B0UYuYNYH/arcgis/rest/services/Pickleball_Courts/FeatureServer/0,2026-09-03,municipal_source,2,"Pickleball Courts layer, PARKNAME=""South Park Playground"": NUMBEROFCOURTS=""1"", INDOOROUTDOOR=""Outdoor"", LIGHTED=""No"", NETS=""Yes"""
south-park-playground,light,false,https://services.arcgis.com/ZOyb2t4B0UYuYNYH/arcgis/rest/services/Pickleball_Courts/FeatureServer/0,2026-09-03,municipal_source,2,"Pickleball Courts layer, PARKNAME=""South Park Playground"": NUMBEROFCOURTS=""1"", INDOOROUTDOOR=""Outdoor"", LIGHTED=""No"", NETS=""Yes"""
south-park-playground,nets_provided,true,https://services.arcgis.com/ZOyb2t4B0UYuYNYH/arcgis/rest/services/Pickleball_Courts/FeatureServer/0,2026-09-03,municipal_source,2,"Pickleball Courts layer, PARKNAME=""South Park Playground"": NUMBEROFCOURTS=""1"", INDOOROUTDOOR=""Outdoor"", LIGHTED=""No"", NETS=""Yes"""
south-park-playground,restroom,true,https://services.arcgis.com/ZOyb2t4B0UYuYNYH/arcgis/rest/services/Pickleball_Courts/FeatureServer/0,2026-09-03,municipal_source,2,"NEARBYRESTROOM=""All Year"""
south-park-playground,parking,Dedicated,https://services.arcgis.com/ZOyb2t4B0UYuYNYH/arcgis/rest/services/Pickleball_Courts/FeatureServer/0,2026-09-03,municipal_source,2,"PARKING=""Dedicated"""
south-park-playground,venue_type,public_park,https://services.arcgis.com/ZOyb2t4B0UYuYNYH/arcgis/rest/services/Pickleball_Courts/FeatureServer/0,2026-09-03,municipal_source,2,"Published by Seattle Parks and Recreation as a park facility; Parks record OWNER=""DPR"""
south-park-playground,street_address,738 S Sullivan St,https://services.arcgis.com/ZOyb2t4B0UYuYNYH/arcgis/rest/services/Park_Boundary_(details)/FeatureServer/2,2026-09-03,municipal_source,2,"Parks layer PMA=467, NAME=""SOUTH PARK PLAYGROUND"", ADDRESS=""738 S Sullivan St"""
south-park-playground,county,King,https://services.arcgis.com/ZOyb2t4B0UYuYNYH/arcgis/rest/services/Park_Boundary_(details)/FeatureServer/2,2026-09-03,municipal_source,2,"Parks layer PMA=467 is City of Seattle parks property (OWNER=""DPR""); the City of Seattle lies wholly within King County"
maple-leaf-reservoir-park-pickleball-courts-seattle,name,Maple Leaf Reservoir Park,https://services.arcgis.com/ZOyb2t4B0UYuYNYH/arcgis/rest/services/Pickleball_Courts/FeatureServer/0,2026-09-03,municipal_source,2,"Pickleball Courts layer PARKNAME=""Maple Leaf Reservoir Park"""
maple-leaf-reservoir-park-pickleball-courts-seattle,total_courts,2,https://services.arcgis.com/ZOyb2t4B0UYuYNYH/arcgis/rest/services/Pickleball_Courts/FeatureServer/0,2026-09-03,municipal_source,2,"Pickleball Courts layer, PARKNAME=""Maple Leaf Reservoir Park"": NUMBEROFCOURTS=""2"", INDOOROUTDOOR=""Outdoor"", LIGHTED=""No"", NETS=""Yes"""
maple-leaf-reservoir-park-pickleball-courts-seattle,indoor_courts,0,https://services.arcgis.com/ZOyb2t4B0UYuYNYH/arcgis/rest/services/Pickleball_Courts/FeatureServer/0,2026-09-03,municipal_source,2,"Pickleball Courts layer, PARKNAME=""Maple Leaf Reservoir Park"": NUMBEROFCOURTS=""2"", INDOOROUTDOOR=""Outdoor"", LIGHTED=""No"", NETS=""Yes"""
maple-leaf-reservoir-park-pickleball-courts-seattle,outdoor_courts,2,https://services.arcgis.com/ZOyb2t4B0UYuYNYH/arcgis/rest/services/Pickleball_Courts/FeatureServer/0,2026-09-03,municipal_source,2,"Pickleball Courts layer, PARKNAME=""Maple Leaf Reservoir Park"": NUMBEROFCOURTS=""2"", INDOOROUTDOOR=""Outdoor"", LIGHTED=""No"", NETS=""Yes"""
maple-leaf-reservoir-park-pickleball-courts-seattle,light,false,https://services.arcgis.com/ZOyb2t4B0UYuYNYH/arcgis/rest/services/Pickleball_Courts/FeatureServer/0,2026-09-03,municipal_source,2,"Pickleball Courts layer, PARKNAME=""Maple Leaf Reservoir Park"": NUMBEROFCOURTS=""2"", INDOOROUTDOOR=""Outdoor"", LIGHTED=""No"", NETS=""Yes"""
maple-leaf-reservoir-park-pickleball-courts-seattle,nets_provided,true,https://services.arcgis.com/ZOyb2t4B0UYuYNYH/arcgis/rest/services/Pickleball_Courts/FeatureServer/0,2026-09-03,municipal_source,2,"Pickleball Courts layer, PARKNAME=""Maple Leaf Reservoir Park"": NUMBEROFCOURTS=""2"", INDOOROUTDOOR=""Outdoor"", LIGHTED=""No"", NETS=""Yes"""
maple-leaf-reservoir-park-pickleball-courts-seattle,restroom,true,https://services.arcgis.com/ZOyb2t4B0UYuYNYH/arcgis/rest/services/Pickleball_Courts/FeatureServer/0,2026-09-03,municipal_source,2,"NEARBYRESTROOM=""All Year"""
maple-leaf-reservoir-park-pickleball-courts-seattle,parking,Street,https://services.arcgis.com/ZOyb2t4B0UYuYNYH/arcgis/rest/services/Pickleball_Courts/FeatureServer/0,2026-09-03,municipal_source,2,"PARKING=""Street"""
maple-leaf-reservoir-park-pickleball-courts-seattle,venue_type,public_park,https://services.arcgis.com/ZOyb2t4B0UYuYNYH/arcgis/rest/services/Pickleball_Courts/FeatureServer/0,2026-09-03,municipal_source,2,"Published by Seattle Parks and Recreation as a park facility; Parks record OWNER=""SPU"""
maple-leaf-reservoir-park-pickleball-courts-seattle,street_address,1020 NE 82nd St,https://services.arcgis.com/ZOyb2t4B0UYuYNYH/arcgis/rest/services/Park_Boundary_(details)/FeatureServer/2,2026-09-03,municipal_source,2,"Parks layer PMA=3881, NAME=""MAPLE LEAF RESERVOIR PARK"", ADDRESS=""1020 NE 82nd St"""
maple-leaf-reservoir-park-pickleball-courts-seattle,county,King,https://services.arcgis.com/ZOyb2t4B0UYuYNYH/arcgis/rest/services/Park_Boundary_(details)/FeatureServer/2,2026-09-03,municipal_source,2,"Parks layer PMA=3881 is City of Seattle parks property (OWNER=""SPU""); the City of Seattle lies wholly within King County"
west-magnolia-playfield-pickleball-courts-seattle,name,West Magnolia Playfield,https://services.arcgis.com/ZOyb2t4B0UYuYNYH/arcgis/rest/services/Pickleball_Courts/FeatureServer/0,2026-09-03,municipal_source,2,"Pickleball Courts layer PARKNAME=""West Magnolia Playfield"""
west-magnolia-playfield-pickleball-courts-seattle,total_courts,8,https://services.arcgis.com/ZOyb2t4B0UYuYNYH/arcgis/rest/services/Pickleball_Courts/FeatureServer/0,2026-09-03,municipal_source,2,"Pickleball Courts layer, PARKNAME=""West Magnolia Playfield"": NUMBEROFCOURTS=""8"", INDOOROUTDOOR=""Outdoor"", LIGHTED=""No"", NETS=""Yes"""
west-magnolia-playfield-pickleball-courts-seattle,indoor_courts,0,https://services.arcgis.com/ZOyb2t4B0UYuYNYH/arcgis/rest/services/Pickleball_Courts/FeatureServer/0,2026-09-03,municipal_source,2,"Pickleball Courts layer, PARKNAME=""West Magnolia Playfield"": NUMBEROFCOURTS=""8"", INDOOROUTDOOR=""Outdoor"", LIGHTED=""No"", NETS=""Yes"""
west-magnolia-playfield-pickleball-courts-seattle,outdoor_courts,8,https://services.arcgis.com/ZOyb2t4B0UYuYNYH/arcgis/rest/services/Pickleball_Courts/FeatureServer/0,2026-09-03,municipal_source,2,"Pickleball Courts layer, PARKNAME=""West Magnolia Playfield"": NUMBEROFCOURTS=""8"", INDOOROUTDOOR=""Outdoor"", LIGHTED=""No"", NETS=""Yes"""
west-magnolia-playfield-pickleball-courts-seattle,light,false,https://services.arcgis.com/ZOyb2t4B0UYuYNYH/arcgis/rest/services/Pickleball_Courts/FeatureServer/0,2026-09-03,municipal_source,2,"Pickleball Courts layer, PARKNAME=""West Magnolia Playfield"": NUMBEROFCOURTS=""8"", INDOOROUTDOOR=""Outdoor"", LIGHTED=""No"", NETS=""Yes"""
west-magnolia-playfield-pickleball-courts-seattle,nets_provided,true,https://services.arcgis.com/ZOyb2t4B0UYuYNYH/arcgis/rest/services/Pickleball_Courts/FeatureServer/0,2026-09-03,municipal_source,2,"Pickleball Courts layer, PARKNAME=""West Magnolia Playfield"": NUMBEROFCOURTS=""8"", INDOOROUTDOOR=""Outdoor"", LIGHTED=""No"", NETS=""Yes"""
west-magnolia-playfield-pickleball-courts-seattle,restroom,true,https://services.arcgis.com/ZOyb2t4B0UYuYNYH/arcgis/rest/services/Pickleball_Courts/FeatureServer/0,2026-09-03,municipal_source,2,"NEARBYRESTROOM=""All Year"""
west-magnolia-playfield-pickleball-courts-seattle,parking,Dedicated,https://services.arcgis.com/ZOyb2t4B0UYuYNYH/arcgis/rest/services/Pickleball_Courts/FeatureServer/0,2026-09-03,municipal_source,2,"PARKING=""Dedicated"""
west-magnolia-playfield-pickleball-courts-seattle,venue_type,public_park,https://services.arcgis.com/ZOyb2t4B0UYuYNYH/arcgis/rest/services/Pickleball_Courts/FeatureServer/0,2026-09-03,municipal_source,2,"Published by Seattle Parks and Recreation as a park facility; Parks record OWNER=""DPR"""
west-magnolia-playfield-pickleball-courts-seattle,street_address,2518 34th Ave W,https://services.arcgis.com/ZOyb2t4B0UYuYNYH/arcgis/rest/services/Park_Boundary_(details)/FeatureServer/2,2026-09-03,municipal_source,2,"Parks layer PMA=319, NAME=""WEST MAGNOLIA PLAYFIELD"", ADDRESS=""2518 34th Ave W"""
west-magnolia-playfield-pickleball-courts-seattle,county,King,https://services.arcgis.com/ZOyb2t4B0UYuYNYH/arcgis/rest/services/Park_Boundary_(details)/FeatureServer/2,2026-09-03,municipal_source,2,"Parks layer PMA=319 is City of Seattle parks property (OWNER=""DPR""); the City of Seattle lies wholly within King County"
walt-hundley-playfield-pickleball-courts-seattle,name,Walt Hundley Playfield,https://services.arcgis.com/ZOyb2t4B0UYuYNYH/arcgis/rest/services/Pickleball_Courts/FeatureServer/0,2026-09-03,municipal_source,2,"Pickleball Courts layer PARKNAME=""Walt Hundley Playfield"""
walt-hundley-playfield-pickleball-courts-seattle,total_courts,4,https://services.arcgis.com/ZOyb2t4B0UYuYNYH/arcgis/rest/services/Pickleball_Courts/FeatureServer/0,2026-09-03,municipal_source,2,"Pickleball Courts layer, PARKNAME=""Walt Hundley Playfield"": NUMBEROFCOURTS=""4"", INDOOROUTDOOR=""Outdoor"", LIGHTED=""No"", NETS=""Yes"""
walt-hundley-playfield-pickleball-courts-seattle,indoor_courts,0,https://services.arcgis.com/ZOyb2t4B0UYuYNYH/arcgis/rest/services/Pickleball_Courts/FeatureServer/0,2026-09-03,municipal_source,2,"Pickleball Courts layer, PARKNAME=""Walt Hundley Playfield"": NUMBEROFCOURTS=""4"", INDOOROUTDOOR=""Outdoor"", LIGHTED=""No"", NETS=""Yes"""
walt-hundley-playfield-pickleball-courts-seattle,outdoor_courts,4,https://services.arcgis.com/ZOyb2t4B0UYuYNYH/arcgis/rest/services/Pickleball_Courts/FeatureServer/0,2026-09-03,municipal_source,2,"Pickleball Courts layer, PARKNAME=""Walt Hundley Playfield"": NUMBEROFCOURTS=""4"", INDOOROUTDOOR=""Outdoor"", LIGHTED=""No"", NETS=""Yes"""
walt-hundley-playfield-pickleball-courts-seattle,light,false,https://services.arcgis.com/ZOyb2t4B0UYuYNYH/arcgis/rest/services/Pickleball_Courts/FeatureServer/0,2026-09-03,municipal_source,2,"Pickleball Courts layer, PARKNAME=""Walt Hundley Playfield"": NUMBEROFCOURTS=""4"", INDOOROUTDOOR=""Outdoor"", LIGHTED=""No"", NETS=""Yes"""
walt-hundley-playfield-pickleball-courts-seattle,nets_provided,true,https://services.arcgis.com/ZOyb2t4B0UYuYNYH/arcgis/rest/services/Pickleball_Courts/FeatureServer/0,2026-09-03,municipal_source,2,"Pickleball Courts layer, PARKNAME=""Walt Hundley Playfield"": NUMBEROFCOURTS=""4"", INDOOROUTDOOR=""Outdoor"", LIGHTED=""No"", NETS=""Yes"""
walt-hundley-playfield-pickleball-courts-seattle,restroom,true,https://services.arcgis.com/ZOyb2t4B0UYuYNYH/arcgis/rest/services/Pickleball_Courts/FeatureServer/0,2026-09-03,municipal_source,2,"NEARBYRESTROOM=""Seasonal"""
walt-hundley-playfield-pickleball-courts-seattle,parking,Dedicated,https://services.arcgis.com/ZOyb2t4B0UYuYNYH/arcgis/rest/services/Pickleball_Courts/FeatureServer/0,2026-09-03,municipal_source,2,"PARKING=""Dedicated"""
walt-hundley-playfield-pickleball-courts-seattle,venue_type,public_park,https://services.arcgis.com/ZOyb2t4B0UYuYNYH/arcgis/rest/services/Pickleball_Courts/FeatureServer/0,2026-09-03,municipal_source,2,"Published by Seattle Parks and Recreation as a park facility; Parks record OWNER=""DPR"""
walt-hundley-playfield-pickleball-courts-seattle,street_address,6920 34th Ave SW,https://services.arcgis.com/ZOyb2t4B0UYuYNYH/arcgis/rest/services/Park_Boundary_(details)/FeatureServer/2,2026-09-03,municipal_source,2,"Parks layer PMA=3941, NAME=""WALT HUNDLEY PLAYFIELD"", ADDRESS=""6920 34th Ave SW"""
walt-hundley-playfield-pickleball-courts-seattle,county,King,https://services.arcgis.com/ZOyb2t4B0UYuYNYH/arcgis/rest/services/Park_Boundary_(details)/FeatureServer/2,2026-09-03,municipal_source,2,"Parks layer PMA=3941 is City of Seattle parks property (OWNER=""DPR""); the City of Seattle lies wholly within King County"
greenwood-park-pickleball-courts-seattle,name,Greenwood Park,https://services.arcgis.com/ZOyb2t4B0UYuYNYH/arcgis/rest/services/Pickleball_Courts/FeatureServer/0,2026-09-03,municipal_source,2,"Pickleball Courts layer PARKNAME=""Greenwod Park""; spelling corrected against the Parks layer NAME=""GREENWOOD PARK"""
greenwood-park-pickleball-courts-seattle,total_courts,1,https://services.arcgis.com/ZOyb2t4B0UYuYNYH/arcgis/rest/services/Pickleball_Courts/FeatureServer/0,2026-09-03,municipal_source,2,"Pickleball Courts layer, PARKNAME=""Greenwod Park"": NUMBEROFCOURTS=""1"", INDOOROUTDOOR=""Outdoor"", LIGHTED=""No"", NETS=""-"""
greenwood-park-pickleball-courts-seattle,indoor_courts,0,https://services.arcgis.com/ZOyb2t4B0UYuYNYH/arcgis/rest/services/Pickleball_Courts/FeatureServer/0,2026-09-03,municipal_source,2,"Pickleball Courts layer, PARKNAME=""Greenwod Park"": NUMBEROFCOURTS=""1"", INDOOROUTDOOR=""Outdoor"", LIGHTED=""No"", NETS=""-"""
greenwood-park-pickleball-courts-seattle,outdoor_courts,1,https://services.arcgis.com/ZOyb2t4B0UYuYNYH/arcgis/rest/services/Pickleball_Courts/FeatureServer/0,2026-09-03,municipal_source,2,"Pickleball Courts layer, PARKNAME=""Greenwod Park"": NUMBEROFCOURTS=""1"", INDOOROUTDOOR=""Outdoor"", LIGHTED=""No"", NETS=""-"""
greenwood-park-pickleball-courts-seattle,light,false,https://services.arcgis.com/ZOyb2t4B0UYuYNYH/arcgis/rest/services/Pickleball_Courts/FeatureServer/0,2026-09-03,municipal_source,2,"Pickleball Courts layer, PARKNAME=""Greenwod Park"": NUMBEROFCOURTS=""1"", INDOOROUTDOOR=""Outdoor"", LIGHTED=""No"", NETS=""-"""
greenwood-park-pickleball-courts-seattle,nets_provided,,https://services.arcgis.com/ZOyb2t4B0UYuYNYH/arcgis/rest/services/Pickleball_Courts/FeatureServer/0,2026-09-03,municipal_source,2,"Pickleball Courts layer, PARKNAME=""Greenwod Park"": NUMBEROFCOURTS=""1"", INDOOROUTDOOR=""Outdoor"", LIGHTED=""No"", NETS=""-"""
greenwood-park-pickleball-courts-seattle,restroom,true,https://services.arcgis.com/ZOyb2t4B0UYuYNYH/arcgis/rest/services/Pickleball_Courts/FeatureServer/0,2026-09-03,municipal_source,2,"NEARBYRESTROOM=""Seasonal"""
greenwood-park-pickleball-courts-seattle,parking,Street,https://services.arcgis.com/ZOyb2t4B0UYuYNYH/arcgis/rest/services/Pickleball_Courts/FeatureServer/0,2026-09-03,municipal_source,2,"PARKING=""Street"""
greenwood-park-pickleball-courts-seattle,venue_type,public_park,https://services.arcgis.com/ZOyb2t4B0UYuYNYH/arcgis/rest/services/Pickleball_Courts/FeatureServer/0,2026-09-03,municipal_source,2,"Published by Seattle Parks and Recreation as a park facility; Parks record OWNER=""DPR"""
greenwood-park-pickleball-courts-seattle,street_address,602 N 87th St,https://services.arcgis.com/ZOyb2t4B0UYuYNYH/arcgis/rest/services/Park_Boundary_(details)/FeatureServer/2,2026-09-03,municipal_source,2,"Parks layer PMA=4408, NAME=""GREENWOOD PARK"", ADDRESS=""602 N 87th St"""
greenwood-park-pickleball-courts-seattle,county,King,https://services.arcgis.com/ZOyb2t4B0UYuYNYH/arcgis/rest/services/Park_Boundary_(details)/FeatureServer/2,2026-09-03,municipal_source,2,"Parks layer PMA=4408 is City of Seattle parks property (OWNER=""DPR""); the City of Seattle lies wholly within King County"
